taxonomy_id	species	genus	family	order	class	phylum	kingdom
83332	Mycobacterium tuberculosis H37Rv	Mycobacterium	Mycobacteriaceae	Mycobacteriales	Actinomycetes	Actinomycetota	Bacteria
565042	Bifidobacterium longum subsp. longum JCM 1217	Bifidobacterium	Bifidobacteriaceae	Bifidobacteriales	Actinomycetes	Actinomycetota	Bacteria
227882	Streptomyces avermitilis MA-4680 = NBRC 14893	Streptomyces	Streptomycetaceae	Kitasatosporales	Actinomycetes	Actinomycetota	Bacteria
405948	Saccharopolyspora erythraea NRRL 2338	Saccharopolyspora	Pseudonocardiaceae	Pseudonocardiales	Actinomycetes	Actinomycetota	Bacteria
557599	Mycobacterium kansasii ATCC 12478	Mycobacterium	Mycobacteriaceae	Mycobacteriales	Actinomycetes	Actinomycetota	Bacteria
1460372	Mycobacteroides chelonae CCUG 47445	Mycobacteroides	Mycobacteriaceae	Mycobacteriales	Actinomycetes	Actinomycetota	Bacteria
1410605	Bifidobacterium pseudolongum subsp. globosum DSM 20092	Bifidobacterium	Bifidobacteriaceae	Bifidobacteriales	Actinomycetes	Actinomycetota	Bacteria
512565	Actinoplanes missouriensis 431	Actinoplanes	Micromonosporaceae	Micromonosporales	Actinomycetes	Actinomycetota	Bacteria
1265868	Streptomyces rimosus subsp. rimosus ATCC 10970	Streptomyces	Streptomycetaceae	Kitasatosporales	Actinomycetes	Actinomycetota	Bacteria
1319510	Streptomyces fradiae ATCC 10745 = DSM 40063	Streptomyces	Streptomycetaceae	Kitasatosporales	Actinomycetes	Actinomycetota	Bacteria
645127	Corynebacterium kroppenstedtii DSM 44385	Corynebacterium	Corynebacteriaceae	Mycobacteriales	Actinomycetes	Actinomycetota	Bacteria
566552	Bifidobacterium catenulatum DSM 16992 = JCM 1194 = LMG 11043	Bifidobacterium	Bifidobacteriaceae	Bifidobacteriales	Actinomycetes	Actinomycetota	Bacteria
1705	Corynebacterium stationis	Corynebacterium	Corynebacteriaceae	Mycobacteriales	Actinomycetes	Actinomycetota	Bacteria
2014	Nocardiopsis dassonvillei	Nocardiopsis	Nocardiopsaceae	Streptosporangiales	Actinomycetes	Actinomycetota	Bacteria
35621	Streptomyces mobaraensis	Streptomyces	Streptomycetaceae	Kitasatosporales	Actinomycetes	Actinomycetota	Bacteria
1784	Mycobacterium simiae	Mycobacterium	Mycobacteriaceae	Mycobacteriales	Actinomycetes	Actinomycetota	Bacteria
1038929	Streptomyces xinghaiensis S187	Streptomyces	Streptomycetaceae	Kitasatosporales	Actinomycetes	Actinomycetota	Bacteria
644283	Micromonospora aurantiaca ATCC 27029	Micromonospora	Micromonosporaceae	Micromonosporales	Actinomycetes	Actinomycetota	Bacteria
1136880	Mycobacterium pseudoshottsii JCM 15466	Mycobacterium	Mycobacteriaceae	Mycobacteriales	Actinomycetes	Actinomycetota	Bacteria
1384484	Adlercreutzia equolifaciens DSM 19450	Adlercreutzia	Eggerthellaceae	Eggerthellales	Coriobacteriia	Actinomycetota	Bacteria
1389489	Leifsonia xyli subsp. cynodontis DSM 46306	Leifsonia	Microbacteriaceae	Micrococcales	Actinomycetes	Actinomycetota	Bacteria
106370	Frankia casuarinae	Frankia	Frankiaceae	Frankiales	Actinomycetes	Actinomycetota	Bacteria
446860	Kocuria flava	Kocuria	Micrococcaceae	Micrococcales	Actinomycetes	Actinomycetota	Bacteria
37928	Arthrobacter crystallopoietes	Arthrobacter	Micrococcaceae	Micrococcales	Actinomycetes	Actinomycetota	Bacteria
38304	Corynebacterium tuberculostearicum	Corynebacterium	Corynebacteriaceae	Mycobacteriales	Actinomycetes	Actinomycetota	Bacteria
53462	Mycolicibacterium mageritense	Mycolicibacterium	Mycobacteriaceae	Mycobacteriales	Actinomycetes	Actinomycetota	Bacteria
1748	Acidipropionibacterium acidipropionici	Acidipropionibacterium	Propionibacteriaceae	Propionibacteriales	Actinomycetes	Actinomycetota	Bacteria
278992	Streptomyces ambofaciens ATCC 23877	Streptomyces	Streptomycetaceae	Kitasatosporales	Actinomycetes	Actinomycetota	Bacteria
266940	Kineococcus radiotolerans SRS30216 = ATCC BAA-149	Kineococcus	Kineosporiaceae	Kineosporiales	Actinomycetes	Actinomycetota	Bacteria
144184	Corynebacterium afermentans subsp. lipophilum	Corynebacterium	Corynebacteriaceae	Mycobacteriales	Actinomycetes	Actinomycetota	Bacteria
518635	Bifidobacterium angulatum DSM 20098 = JCM 7096	Bifidobacterium	Bifidobacteriaceae	Bifidobacteriales	Actinomycetes	Actinomycetota	Bacteria
1354275	Mycolicibacterium vaccae 95051	Mycolicibacterium	Mycobacteriaceae	Mycobacteriales	Actinomycetes	Actinomycetota	Bacteria
590998	Cellulomonas fimi ATCC 484	Cellulomonas	Cellulomonadaceae	Micrococcales	Actinomycetes	Actinomycetota	Bacteria
762948	Rothia dentocariosa ATCC 17931	Rothia	Micrococcaceae	Micrococcales	Actinomycetes	Actinomycetota	Bacteria
68270	Streptomyces spectabilis	Streptomyces	Streptomycetaceae	Kitasatosporales	Actinomycetes	Actinomycetota	Bacteria
146922	Streptomyces griseofuscus	Streptomyces	Streptomycetaceae	Kitasatosporales	Actinomycetes	Actinomycetota	Bacteria
285578	Streptomyces angustmyceticus	Streptomyces	Streptomycetaceae	Kitasatosporales	Actinomycetes	Actinomycetota	Bacteria
47853	Micromonospora carbonacea	Micromonospora	Micromonosporaceae	Micromonosporales	Actinomycetes	Actinomycetota	Bacteria
1796	Mycolicibacterium senegalense	Mycolicibacterium	Mycobacteriaceae	Mycobacteriales	Actinomycetes	Actinomycetota	Bacteria
758802	Mycolicibacterium litorale	Mycolicibacterium	Mycobacteriaceae	Mycobacteriales	Actinomycetes	Actinomycetota	Bacteria
722731	Mycobacterium shigaense	Mycobacterium	Mycobacteriaceae	Mycobacteriales	Actinomycetes	Actinomycetota	Bacteria
29320	Paenarthrobacter nicotinovorans	Paenarthrobacter	Micrococcaceae	Micrococcales	Actinomycetes	Actinomycetota	Bacteria
104336	Microbacterium foliorum	Microbacterium	Microbacteriaceae	Micrococcales	Actinomycetes	Actinomycetota	Bacteria
480418	Mycobacterium lepromatosis	Mycobacterium	Mycobacteriaceae	Mycobacteriales	Actinomycetes	Actinomycetota	Bacteria
1987356	Aurantimicrobium photophilum	Aurantimicrobium	Microbacteriaceae	Micrococcales	Actinomycetes	Actinomycetota	Bacteria
61592	Corynebacterium durum	Corynebacterium	Corynebacteriaceae	Mycobacteriales	Actinomycetes	Actinomycetota	Bacteria
38301	Corynebacterium minutissimum	Corynebacterium	Corynebacteriaceae	Mycobacteriales	Actinomycetes	Actinomycetota	Bacteria
1824	Nocardia asteroides	Nocardia	Nocardiaceae	Mycobacteriales	Actinomycetes	Actinomycetota	Bacteria
452863	Pseudarthrobacter chlorophenolicus A6	Pseudarthrobacter	Micrococcaceae	Micrococcales	Actinomycetes	Actinomycetota	Bacteria
544580	Actinomyces oris	Actinomyces	Actinomycetaceae	Actinomycetales	Actinomycetes	Actinomycetota	Bacteria
43771	Corynebacterium urealyticum	Corynebacterium	Corynebacteriaceae	Mycobacteriales	Actinomycetes	Actinomycetota	Bacteria
59505	Actinotignum schaalii	Actinotignum	Actinomycetaceae	Actinomycetales	Actinomycetes	Actinomycetota	Bacteria
861360	Glutamicibacter arilaitensis Re117	Glutamicibacter	Micrococcaceae	Micrococcales	Actinomycetes	Actinomycetota	Bacteria
548476	Corynebacterium aurimucosum ATCC 700975	Corynebacterium	Corynebacteriaceae	Mycobacteriales	Actinomycetes	Actinomycetota	Bacteria
864564	Parascardovia denticolens DSM 10105 = JCM 12538	Parascardovia	Bifidobacteriaceae	Bifidobacteriales	Actinomycetes	Actinomycetota	Bacteria
457423	Actinoplanes teichomyceticus ATCC 31121	Actinoplanes	Micromonosporaceae	Micromonosporales	Actinomycetes	Actinomycetota	Bacteria
471857	Saccharomonospora viridis DSM 43017	Saccharomonospora	Pseudonocardiaceae	Pseudonocardiales	Actinomycetes	Actinomycetota	Bacteria
710696	Intrasporangium calvum DSM 43043	Intrasporangium	Intrasporangiaceae	Micrococcales	Actinomycetes	Actinomycetota	Bacteria
362257	Streptomyces vietnamensis	Streptomyces	Streptomycetaceae	Kitasatosporales	Actinomycetes	Actinomycetota	Bacteria
55404	Streptomyces netropsis	Streptomyces	Streptomycetaceae	Kitasatosporales	Actinomycetes	Actinomycetota	Bacteria
67351	Streptomyces californicus	Streptomyces	Streptomycetaceae	Kitasatosporales	Actinomycetes	Actinomycetota	Bacteria
67282	Streptomyces calvus	Streptomyces	Streptomycetaceae	Kitasatosporales	Actinomycetes	Actinomycetota	Bacteria
2074	Pseudonocardia autotrophica	Pseudonocardia	Pseudonocardiaceae	Pseudonocardiales	Actinomycetes	Actinomycetota	Bacteria
1389713	Mycobacterium paragordonae	Mycobacterium	Mycobacteriaceae	Mycobacteriales	Actinomycetes	Actinomycetota	Bacteria
83262	Mycobacteroides immunogenum	Mycobacteroides	Mycobacteriaceae	Mycobacteriales	Actinomycetes	Actinomycetota	Bacteria
483545	Thermobifida halotolerans	Thermobifida	Nocardiopsaceae	Streptosporangiales	Actinomycetes	Actinomycetota	Bacteria
1933880	Glutamicibacter halophytocola	Glutamicibacter	Micrococcaceae	Micrococcales	Actinomycetes	Actinomycetota	Bacteria
139021	Dietzia psychralcaliphila	Dietzia	Dietziaceae	Mycobacteriales	Actinomycetes	Actinomycetota	Bacteria
31964	Clavibacter sepedonicus	Clavibacter	Microbacteriaceae	Micrococcales	Actinomycetes	Actinomycetota	Bacteria
131318	Corynebacterium felinum	Corynebacterium	Corynebacteriaceae	Mycobacteriales	Actinomycetes	Actinomycetota	Bacteria
904291	Microbacterium sediminis	Microbacterium	Microbacteriaceae	Micrococcales	Actinomycetes	Actinomycetota	Bacteria
99807	Corynebacterium auriscanis	Corynebacterium	Corynebacteriaceae	Mycobacteriales	Actinomycetes	Actinomycetota	Bacteria
1190508	Corynebacterium aquatimens	Corynebacterium	Corynebacteriaceae	Mycobacteriales	Actinomycetes	Actinomycetota	Bacteria
161896	Corynebacterium camporealensis	Corynebacterium	Corynebacteriaceae	Mycobacteriales	Actinomycetes	Actinomycetota	Bacteria
1724	Corynebacterium renale	Corynebacterium	Corynebacteriaceae	Mycobacteriales	Actinomycetes	Actinomycetota	Bacteria
529884	Rhodoluna lacicola	Rhodoluna	Microbacteriaceae	Micrococcales	Actinomycetes	Actinomycetota	Bacteria
47760	Streptomyces aurantiacus	Streptomyces	Streptomycetaceae	Kitasatosporales	Actinomycetes	Actinomycetota	Bacteria
1235441	Nocardiopsis gilva YIM 90087	Nocardiopsis	Nocardiopsaceae	Streptosporangiales	Actinomycetes	Actinomycetota	Bacteria
256821	Gulosibacter molinativorax	Gulosibacter	Microbacteriaceae	Micrococcales	Actinomycetes	Actinomycetota	Bacteria
863239	Corynebacterium nuruki S6-4	Corynebacterium	Corynebacteriaceae	Mycobacteriales	Actinomycetes	Actinomycetota	Bacteria
134034	Corynebacterium freneyi	Corynebacterium	Corynebacteriaceae	Mycobacteriales	Actinomycetes	Actinomycetota	Bacteria
38284	Corynebacterium accolens	Corynebacterium	Corynebacteriaceae	Mycobacteriales	Actinomycetes	Actinomycetota	Bacteria
1161099	Corynebacterium appendicis CIP 107643	Corynebacterium	Corynebacteriaceae	Mycobacteriales	Actinomycetes	Actinomycetota	Bacteria
28264	Arcanobacterium haemolyticum	Arcanobacterium	Actinomycetaceae	Actinomycetales	Actinomycetes	Actinomycetota	Bacteria
1202450	Mycobacterium haemophilum DSM 44634	Mycobacterium	Mycobacteriaceae	Mycobacteriales	Actinomycetes	Actinomycetota	Bacteria
266117	Rubrobacter xylanophilus DSM 9941	Rubrobacter	Rubrobacteraceae	Rubrobacterales	Rubrobacteria	Actinomycetota	Bacteria
1150461	Bifidobacterium scardovii JCM 12489 = DSM 13734	Bifidobacterium	Bifidobacteriaceae	Bifidobacteriales	Actinomycetes	Actinomycetota	Bacteria
196164	Corynebacterium efficiens YS-314	Corynebacterium	Corynebacteriaceae	Mycobacteriales	Actinomycetes	Actinomycetota	Bacteria
35757	Corynebacterium cystitidis	Corynebacterium	Corynebacteriaceae	Mycobacteriales	Actinomycetes	Actinomycetota	Bacteria
1121353	Corynebacterium callunae DSM 20147	Corynebacterium	Corynebacteriaceae	Mycobacteriales	Actinomycetes	Actinomycetota	Bacteria
1863	Dermatophilus congolensis	Dermatophilus	Dermatophilaceae	Micrococcales	Actinomycetes	Actinomycetota	Bacteria
521096	Tsukamurella paurometabola DSM 20162	Tsukamurella	Tsukamurellaceae	Mycobacteriales	Actinomycetes	Actinomycetota	Bacteria
1750	Arachnia propionica	Arachnia	Propionibacteriaceae	Propionibacteriales	Actinomycetes	Actinomycetota	Bacteria
288705	Renibacterium salmoninarum ATCC 33209	Renibacterium	Micrococcaceae	Micrococcales	Actinomycetes	Actinomycetota	Bacteria
633147	Olsenella uli DSM 7084	Olsenella	Atopobiaceae	Coriobacteriales	Coriobacteriia	Actinomycetota	Bacteria
860235	Kibdelosporangium phytohabitans	Kibdelosporangium	Pseudonocardiaceae	Pseudonocardiales	Actinomycetes	Actinomycetota	Bacteria
1929477	Streptomyces solisilvae	Streptomyces	Streptomycetaceae	Kitasatosporales	Actinomycetes	Actinomycetota	Bacteria
35754	Dactylosporangium aurantiacum	Dactylosporangium	Micromonosporaceae	Micromonosporales	Actinomycetes	Actinomycetota	Bacteria
68214	Streptomyces griseochromogenes	Streptomyces	Streptomycetaceae	Kitasatosporales	Actinomycetes	Actinomycetota	Bacteria
1920	Streptomyces nigrescens	Streptomyces	Streptomycetaceae	Kitasatosporales	Actinomycetes	Actinomycetota	Bacteria
66374	Streptomyces nojiriensis	Streptomyces	Streptomycetaceae	Kitasatosporales	Actinomycetes	Actinomycetota	Bacteria
208439	Amycolatopsis japonica	Amycolatopsis	Pseudonocardiaceae	Pseudonocardiales	Actinomycetes	Actinomycetota	Bacteria
1935	Streptomyces violaceoruber	Streptomyces	Streptomycetaceae	Kitasatosporales	Actinomycetes	Actinomycetota	Bacteria
1437453	Streptomyces leeuwenhoekii	Streptomyces	Streptomycetaceae	Kitasatosporales	Actinomycetes	Actinomycetota	Bacteria
2726118	Streptomyces argyrophyllae	Streptomyces	Streptomycetaceae	Kitasatosporales	Actinomycetes	Actinomycetota	Bacteria
482462	Mycobacterium dioxanotrophicus	Mycobacterium	Mycobacteriaceae	Mycobacteriales	Actinomycetes	Actinomycetota	Bacteria
67260	Streptomyces cinereoruber	Streptomyces	Streptomycetaceae	Kitasatosporales	Actinomycetes	Actinomycetota	Bacteria
2174846	Streptomyces tirandamycinicus	Streptomyces	Streptomycetaceae	Kitasatosporales	Actinomycetes	Actinomycetota	Bacteria
1942	Streptomyces goshikiensis	Streptomyces	Streptomycetaceae	Kitasatosporales	Actinomycetes	Actinomycetota	Bacteria
1690221	Streptomyces spongiicola	Streptomyces	Streptomycetaceae	Kitasatosporales	Actinomycetes	Actinomycetota	Bacteria
530584	Prauserella marina	Prauserella	Pseudonocardiaceae	Pseudonocardiales	Actinomycetes	Actinomycetota	Bacteria
134601	Mycolicibacterium goodii	Mycolicibacterium	Mycobacteriaceae	Mycobacteriales	Actinomycetes	Actinomycetota	Bacteria
1470176	Actinoalloteichus hoggarensis	Actinoalloteichus	Pseudonocardiaceae	Pseudonocardiales	Actinomycetes	Actinomycetota	Bacteria
340345	Actinoalloteichus hymeniacidonis	Actinoalloteichus	Pseudonocardiaceae	Pseudonocardiales	Actinomycetes	Actinomycetota	Bacteria
39691	Mycolicibacterium moriokaense	Mycolicibacterium	Mycobacteriaceae	Mycobacteriales	Actinomycetes	Actinomycetota	Bacteria
1791	Mycolicibacterium aurum	Mycolicibacterium	Mycobacteriaceae	Mycobacteriales	Actinomycetes	Actinomycetota	Bacteria
220927	Mycobacterium saskatchewanense	Mycobacterium	Mycobacteriaceae	Mycobacteriales	Actinomycetes	Actinomycetota	Bacteria
1794	Mycolicibacterium gadium	Mycolicibacterium	Mycobacteriaceae	Mycobacteriales	Actinomycetes	Actinomycetota	Bacteria
1552759	Mycolicibacterium grossiae	Mycolicibacterium	Mycobacteriaceae	Mycobacteriales	Actinomycetes	Actinomycetota	Bacteria
2665643	Gordonia mangrovi	Gordonia	Gordoniaceae	Mycobacteriales	Actinomycetes	Actinomycetota	Bacteria
1780	Mycobacterium malmoense	Mycobacterium	Mycobacteriaceae	Mycobacteriales	Actinomycetes	Actinomycetota	Bacteria
414996	Actinopolyspora erythraea	Actinopolyspora	Actinopolysporaceae	Actinopolysporales	Actinomycetes	Actinomycetota	Bacteria
53522	Thermobifida alba	Thermobifida	Nocardiopsaceae	Streptosporangiales	Actinomycetes	Actinomycetota	Bacteria
467976	Iamia majanohamensis	Iamia	Iamiaceae	Acidimicrobiales	Acidimicrobiia	Actinomycetota	Bacteria
1619308	Cnuibacter physcomitrellae	Cnuibacter	Microbacteriaceae	Micrococcales	Actinomycetes	Actinomycetota	Bacteria
1331682	Brachybacterium ginsengisoli	Brachybacterium	Dermabacteraceae	Micrococcales	Actinomycetes	Actinomycetota	Bacteria
2509458	Microbacterium protaetiae	Microbacterium	Microbacteriaceae	Micrococcales	Actinomycetes	Actinomycetota	Bacteria
556288	Brachybacterium saurashtrense	Brachybacterium	Dermabacteraceae	Micrococcales	Actinomycetes	Actinomycetota	Bacteria
2509455	Agromyces protaetiae	Agromyces	Microbacteriaceae	Micrococcales	Actinomycetes	Actinomycetota	Bacteria
767452	Serinicoccus chungangensis	Serinicoccus	Ornithinimicrobiaceae	Micrococcales	Actinomycetes	Actinomycetota	Bacteria
36805	Microbacterium aurum	Microbacterium	Microbacteriaceae	Micrococcales	Actinomycetes	Actinomycetota	Bacteria
344163	Microbacterium terricola	Microbacterium	Microbacteriaceae	Micrococcales	Actinomycetes	Actinomycetota	Bacteria
1610493	Tessaracoccus flavus	Tessaracoccus	Propionibacteriaceae	Propionibacteriales	Actinomycetes	Actinomycetota	Bacteria
33887	Rathayibacter rathayi	Rathayibacter	Microbacteriaceae	Micrococcales	Actinomycetes	Actinomycetota	Bacteria
1603886	Bifidobacterium lemurum	Bifidobacterium	Bifidobacteriaceae	Bifidobacteriales	Actinomycetes	Actinomycetota	Bacteria
1526412	Microbacterium endophyticum	Microbacterium	Microbacteriaceae	Micrococcales	Actinomycetes	Actinomycetota	Bacteria
28028	Corynebacterium flavescens	Corynebacterium	Corynebacteriaceae	Mycobacteriales	Actinomycetes	Actinomycetota	Bacteria
1414719	Corynebacterium jeddahense	Corynebacterium	Corynebacteriaceae	Mycobacteriales	Actinomycetes	Actinomycetota	Bacteria
936337	Microbacterium amylolyticum	Microbacterium	Microbacteriaceae	Micrococcales	Actinomycetes	Actinomycetota	Bacteria
2719119	Corynebacterium rouxii	Corynebacterium	Corynebacteriaceae	Mycobacteriales	Actinomycetes	Actinomycetota	Bacteria
79604	Denitrobacterium detoxificans	Denitrobacterium	Eggerthellaceae	Eggerthellales	Coriobacteriia	Actinomycetota	Bacteria
2055947	Corynebacterium heidelbergense	Corynebacterium	Corynebacteriaceae	Mycobacteriales	Actinomycetes	Actinomycetota	Bacteria
1803177	Arcanobacterium wilhelmae	Arcanobacterium	Actinomycetaceae	Actinomycetales	Actinomycetes	Actinomycetota	Bacteria
1687	Bifidobacterium coryneforme	Bifidobacterium	Bifidobacteriaceae	Bifidobacteriales	Actinomycetes	Actinomycetota	Bacteria
708131	Aurantimicrobium minutum	Aurantimicrobium	Microbacteriaceae	Micrococcales	Actinomycetes	Actinomycetota	Bacteria
535712	Candidatus Rhodoluna planktonica	Rhodoluna	Microbacteriaceae	Micrococcales	Actinomycetes	Actinomycetota	Bacteria
1969	Streptomyces chartreusis	Streptomyces	Streptomycetaceae	Kitasatosporales	Actinomycetes	Actinomycetota	Bacteria
1122611	Nonomuraea coxensis DSM 45129	Nonomuraea	Streptosporangiaceae	Streptosporangiales	Actinomycetes	Actinomycetota	Bacteria
326424	Frankia alni ACN14a	Frankia	Frankiaceae	Frankiales	Actinomycetes	Actinomycetota	Bacteria
1003195	Streptantibioticus cattleyicolor NRRL 8057 = DSM 46488	Streptantibioticus	Streptomycetaceae	Kitasatosporales	Actinomycetes	Actinomycetota	Bacteria
370524	Mycolicibacterium pallens	Mycolicibacterium	Mycobacteriaceae	Mycobacteriales	Actinomycetes	Actinomycetota	Bacteria
318424	Mycolicibacterium rufum	Mycolicibacterium	Mycobacteriaceae	Mycobacteriales	Actinomycetes	Actinomycetota	Bacteria
369723	Salinispora tropica CNB-440	Salinispora	Micromonosporaceae	Micromonosporales	Actinomycetes	Actinomycetota	Bacteria
38310	Rhodococcus coprophilus	Rhodococcus	Nocardiaceae	Mycobacteriales	Actinomycetes	Actinomycetota	Bacteria
39122	Skermania piniformis	Skermania	Gordoniaceae	Mycobacteriales	Actinomycetes	Actinomycetota	Bacteria
85968	Mycolicibacterium brumae	Mycolicibacterium	Mycobacteriaceae	Mycobacteriales	Actinomycetes	Actinomycetota	Bacteria
593907	Cellulomonas gilvus ATCC 13127	Cellulomonas	Cellulomonadaceae	Micrococcales	Actinomycetes	Actinomycetota	Bacteria
1121362	Corynebacterium halotolerans YIM 70093 = DSM 44683	Corynebacterium	Corynebacteriaceae	Mycobacteriales	Actinomycetes	Actinomycetota	Bacteria
558173	Corynebacterium doosanense CAU 212 = DSM 45436	Corynebacterium	Corynebacteriaceae	Mycobacteriales	Actinomycetes	Actinomycetota	Bacteria
1121364	Corynebacterium massiliense DSM 45435	Corynebacterium	Corynebacteriaceae	Mycobacteriales	Actinomycetes	Actinomycetota	Bacteria
1437605	Bifidobacterium actinocoloniiforme DSM 22766	Bifidobacterium	Bifidobacteriaceae	Bifidobacteriales	Actinomycetes	Actinomycetota	Bacteria
350058	Mycolicibacterium vanbaalenii PYR-1	Mycolicibacterium	Mycobacteriaceae	Mycobacteriales	Actinomycetes	Actinomycetota	Bacteria
469383	Conexibacter woesei DSM 14684	Conexibacter	Conexibacteraceae	Solirubrobacterales	Thermoleophilia	Actinomycetota	Bacteria
85693	Mycolicibacterium monacense	Mycolicibacterium	Mycobacteriaceae	Mycobacteriales	Actinomycetes	Actinomycetota	Bacteria
1032480	Microlunatus phosphovorus NM-1	Microlunatus	Propionibacteriaceae	Propionibacteriales	Actinomycetes	Actinomycetota	Bacteria
526226	Gordonia bronchialis DSM 43247	Gordonia	Gordoniaceae	Mycobacteriales	Actinomycetes	Actinomycetota	Bacteria
446471	Xylanimonas cellulosilytica DSM 15894	Xylanimonas	Promicromonosporaceae	Micrococcales	Actinomycetes	Actinomycetota	Bacteria
1285583	Corynebacterium casei LMG S-19264	Corynebacterium	Corynebacteriaceae	Mycobacteriales	Actinomycetes	Actinomycetota	Bacteria
556548	Corynebacterium freiburgense	Corynebacterium	Corynebacteriaceae	Mycobacteriales	Actinomycetes	Actinomycetota	Bacteria
1224164	Corynebacterium vitaeruminis DSM 20294	Corynebacterium	Corynebacteriaceae	Mycobacteriales	Actinomycetes	Actinomycetota	Bacteria
662755	Corynebacterium resistens DSM 45100	Corynebacterium	Corynebacteriaceae	Mycobacteriales	Actinomycetes	Actinomycetota	Bacteria
43769	Corynebacterium propinquum	Corynebacterium	Corynebacteriaceae	Mycobacteriales	Actinomycetes	Actinomycetota	Bacteria
548479	Mobiluncus curtisii ATCC 43063	Mobiluncus	Actinomycetaceae	Actinomycetales	Actinomycetes	Actinomycetota	Bacteria
1348662	Corynebacterium argentoratense DSM 44202	Corynebacterium	Corynebacteriaceae	Mycobacteriales	Actinomycetes	Actinomycetota	Bacteria
1150468	Scardovia inopinata JCM 12537	Scardovia	Bifidobacteriaceae	Bifidobacteriales	Actinomycetes	Actinomycetota	Bacteria
1341694	Bifidobacterium [indicum] DSM 20214 = LMG 11587	Bifidobacterium	Bifidobacteriaceae	Bifidobacteriales	Actinomycetes	Actinomycetota	Bacteria
521095	Lancefieldella parvula DSM 20469	Lancefieldella	Atopobiaceae	Coriobacteriales	Coriobacteriia	Actinomycetota	Bacteria
2548456	Streptomyces aquilus	Streptomyces	Streptomycetaceae	Kitasatosporales	Actinomycetes	Actinomycetota	Bacteria
298654	Pseudofrankia inefficax	Pseudofrankia	Frankiaceae	Frankiales	Actinomycetes	Actinomycetota	Bacteria
2768069	Streptomyces xanthii	Streptomyces	Streptomycetaceae	Kitasatosporales	Actinomycetes	Actinomycetota	Bacteria
1827580	Streptomyces nigra	Streptomyces	Streptomycetaceae	Kitasatosporales	Actinomycetes	Actinomycetota	Bacteria
1355015	Streptomyces pluripotens	Streptomyces	Streptomycetaceae	Kitasatosporales	Actinomycetes	Actinomycetota	Bacteria
2761578	Mycolicibacterium baixiangningiae	Mycolicibacterium	Mycobacteriaceae	Mycobacteriales	Actinomycetes	Actinomycetota	Bacteria
39692	Mycolicibacterium parafortuitum	Mycolicibacterium	Mycobacteriaceae	Mycobacteriales	Actinomycetes	Actinomycetota	Bacteria
408015	Streptomyces xiamenensis	Streptomyces	Streptomycetaceae	Kitasatosporales	Actinomycetes	Actinomycetota	Bacteria
2758710	Gordonia jinghuaiqii	Gordonia	Gordoniaceae	Mycobacteriales	Actinomycetes	Actinomycetota	Bacteria
2603206	Ruania zhangjianzhongii	Ruania	Ruaniaceae	Micrococcales	Actinomycetes	Actinomycetota	Bacteria
512402	Mycolicibacter heraklionensis	Mycolicibacter	Mycobacteriaceae	Mycobacteriales	Actinomycetes	Actinomycetota	Bacteria
2697569	Pseudarthrobacter psychrotolerans	Pseudarthrobacter	Micrococcaceae	Micrococcales	Actinomycetes	Actinomycetota	Bacteria
1578165	Mycobacteroides saopaulense	Mycobacteroides	Mycobacteriaceae	Mycobacteriales	Actinomycetes	Actinomycetota	Bacteria
1678237	Microbacterium rhizosphaerae	Microbacterium	Microbacteriaceae	Micrococcales	Actinomycetes	Actinomycetota	Bacteria
546160	Dietzia lutea	Dietzia	Dietziaceae	Mycobacteriales	Actinomycetes	Actinomycetota	Bacteria
2782166	Microbacterium abyssi	Microbacterium	Microbacteriaceae	Micrococcales	Actinomycetes	Actinomycetota	Bacteria
1401995	Clavibacter californiensis	Clavibacter	Microbacteriaceae	Micrococcales	Actinomycetes	Actinomycetota	Bacteria
1734031	Clavibacter phaseoli	Clavibacter	Microbacteriaceae	Micrococcales	Actinomycetes	Actinomycetota	Bacteria
2758440	Changpingibacter yushuensis	Changpingibacter	Actinomycetaceae	Actinomycetales	Actinomycetes	Actinomycetota	Bacteria
1006579	Corynebacterium ramonii FRC0011	Corynebacterium	Corynebacteriaceae	Mycobacteriales	Actinomycetes	Actinomycetota	Bacteria
2487892	Corynebacterium urogenitale	Corynebacterium	Corynebacteriaceae	Mycobacteriales	Actinomycetes	Actinomycetota	Bacteria
2682776	Xiamenia xianingshaonis	Xiamenia	Eggerthellaceae	Eggerthellales	Coriobacteriia	Actinomycetota	Bacteria
479433	Catenulispora acidiphila DSM 44928	Catenulispora	Catenulisporaceae	Catenulisporales	Actinomycetes	Actinomycetota	Bacteria
479432	Streptosporangium roseum DSM 43021	Streptosporangium	Streptosporangiaceae	Streptosporangiales	Actinomycetes	Actinomycetota	Bacteria
1246995	Actinoplanes friuliensis DSM 7358	Actinoplanes	Micromonosporaceae	Micromonosporales	Actinomycetes	Actinomycetota	Bacteria
1179773	Saccharothrix espanaensis DSM 44229	Saccharothrix	Pseudonocardiaceae	Pseudonocardiales	Actinomycetes	Actinomycetota	Bacteria
452652	Kitasatospora setae KM-6054	Kitasatospora	Streptomycetaceae	Kitasatosporales	Actinomycetes	Actinomycetota	Bacteria
58346	Streptomyces platensis	Streptomyces	Streptomycetaceae	Kitasatosporales	Actinomycetes	Actinomycetota	Bacteria
446462	Actinosynnema mirum DSM 43827	Actinosynnema	Pseudonocardiaceae	Pseudonocardiales	Actinomycetes	Actinomycetota	Bacteria
479435	Kribbella flavida DSM 17836	Kribbella	Kribbellaceae	Propionibacteriales	Actinomycetes	Actinomycetota	Bacteria
446470	Stackebrandtia nassauensis DSM 44728	Stackebrandtia	Glycomycetaceae	Glycomycetales	Actinomycetes	Actinomycetota	Bacteria
263358	Micromonospora maris AB-18-032	Micromonospora	Micromonosporaceae	Micromonosporales	Actinomycetes	Actinomycetota	Bacteria
479431	Nakamurella multipartita DSM 44233	Nakamurella	Nakamurellaceae	Nakamurellales	Actinomycetes	Actinomycetota	Bacteria
471852	Thermomonospora curvata DSM 43183	Thermomonospora	Thermomonosporaceae	Streptosporangiales	Actinomycetes	Actinomycetota	Bacteria
1226752	Mycolicibacterium holsaticum DSM 44478 = JCM 12374	Mycolicibacterium	Mycobacteriaceae	Mycobacteriales	Actinomycetes	Actinomycetota	Bacteria
526225	Geodermatophilus obscurus DSM 43160	Geodermatophilus	Geodermatophilaceae	Geodermatophilales	Actinomycetes	Actinomycetota	Bacteria
1797	Mycolicibacterium thermoresistibile	Mycolicibacterium	Mycobacteriaceae	Mycobacteriales	Actinomycetes	Actinomycetota	Bacteria
1313172	Ilumatobacter coccineus YM16-304	Ilumatobacter	Ilumatobacteraceae	Acidimicrobiales	Acidimicrobiia	Actinomycetota	Bacteria
443218	Hoyosella subflava DQS3-9A1	Hoyosella	Hoyosellaceae	Mycobacteriales	Actinomycetes	Actinomycetota	Bacteria
471853	Beutenbergia cavernae DSM 12333	Beutenbergia	Beutenbergiaceae	Micrococcales	Actinomycetes	Actinomycetota	Bacteria
1300347	Nocardioides dokdonensis FR1436	Nocardioides	Nocardioidaceae	Propionibacteriales	Actinomycetes	Actinomycetota	Bacteria
446469	Sanguibacter keddieii DSM 10542	Sanguibacter	Sanguibacteraceae	Micrococcales	Actinomycetes	Actinomycetota	Bacteria
446466	Cellulomonas flavigena DSM 20109	Cellulomonas	Cellulomonadaceae	Micrococcales	Actinomycetes	Actinomycetota	Bacteria
2887346	Brachybacterium halotolerans subsp. kimchii	Brachybacterium	Dermabacteraceae	Micrococcales	Actinomycetes	Actinomycetota	Bacteria
1300344	Isoptericola dokdonensis DS-3	Isoptericola	Promicromonosporaceae	Micrococcales	Actinomycetes	Actinomycetota	Bacteria
1656	Actinomyces viscosus	Actinomyces	Actinomycetaceae	Actinomycetales	Actinomycetes	Actinomycetota	Bacteria
52774	Actinomyces slackii	Actinomyces	Actinomycetaceae	Actinomycetales	Actinomycetes	Actinomycetota	Bacteria
84110	Slackia heliotrinireducens	Slackia	Eggerthellaceae	Eggerthellales	Coriobacteriia	Actinomycetota	Bacteria
640132	Segniliparus rotundus DSM 44985	Segniliparus	Segniliparaceae	Mycobacteriales	Actinomycetes	Actinomycetota	Bacteria
1224163	Corynebacterium maris DSM 45190	Corynebacterium	Corynebacteriaceae	Mycobacteriales	Actinomycetes	Actinomycetota	Bacteria
1200352	Corynebacterium terpenotabidum Y-11	Corynebacterium	Corynebacteriaceae	Mycobacteriales	Actinomycetes	Actinomycetota	Bacteria
43674	Jonesia denitrificans	Jonesia	Jonesiaceae	Micrococcales	Actinomycetes	Actinomycetota	Bacteria
1224162	Corynebacterium marinum DSM 44953	Corynebacterium	Corynebacteriaceae	Mycobacteriales	Actinomycetes	Actinomycetota	Bacteria
1437875	Corynebacterium frankenforstense DSM 45800	Corynebacterium	Corynebacteriaceae	Mycobacteriales	Actinomycetes	Actinomycetota	Bacteria
351607	Acidothermus cellulolyticus 11B	Acidothermus	Acidothermaceae	Acidothermales	Actinomycetes	Actinomycetota	Bacteria
38303	Corynebacterium pseudogenitalium	Corynebacterium	Corynebacteriaceae	Mycobacteriales	Actinomycetes	Actinomycetota	Bacteria
525909	Acidimicrobium ferrooxidans DSM 10331	Acidimicrobium	Acidimicrobiaceae	Acidimicrobiales	Acidimicrobiia	Actinomycetota	Bacteria
700015	Coriobacterium glomerans PW2	Coriobacterium	Coriobacteriaceae	Coriobacteriales	Coriobacteriia	Actinomycetota	Bacteria
469378	Cryptobacterium curtum DSM 15641	Cryptobacterium	Eggerthellaceae	Eggerthellales	Coriobacteriia	Actinomycetota	Bacteria
1909395	[Actinomadura] parvosata subsp. kistnae	Nonomuraea	Streptosporangiaceae	Streptosporangiales	Actinomycetes	Actinomycetota	Bacteria
512349	Actinoplanes sichuanensis	Actinoplanes	Micromonosporaceae	Micromonosporales	Actinomycetes	Actinomycetota	Bacteria
53362	Dactylosporangium vinaceum	Dactylosporangium	Micromonosporaceae	Micromonosporales	Actinomycetes	Actinomycetota	Bacteria
2219224	Nonomuraea phyllanthi	Nonomuraea	Streptosporangiaceae	Streptosporangiales	Actinomycetes	Actinomycetota	Bacteria
2797636	Streptomyces liliifuscus	Streptomyces	Streptomycetaceae	Kitasatosporales	Actinomycetes	Actinomycetota	Bacteria
103733	Saccharothrix syringae	Saccharothrix	Pseudonocardiaceae	Pseudonocardiales	Actinomycetes	Actinomycetota	Bacteria
715475	Amycolatopsis mongoliensis	Amycolatopsis	Pseudonocardiaceae	Pseudonocardiales	Actinomycetes	Actinomycetota	Bacteria
2496836	Streptomyces cyaneochromogenes	Streptomyces	Streptomycetaceae	Kitasatosporales	Actinomycetes	Actinomycetota	Bacteria
53359	Dactylosporangium fulvum	Dactylosporangium	Micromonosporaceae	Micromonosporales	Actinomycetes	Actinomycetota	Bacteria
1483604	Kutzneria chonburiensis	Kutzneria	Pseudonocardiaceae	Pseudonocardiales	Actinomycetes	Actinomycetota	Bacteria
1448059	Amycolatopsis rhabdoformis	Amycolatopsis	Pseudonocardiaceae	Pseudonocardiales	Actinomycetes	Actinomycetota	Bacteria
155177	Streptomyces yatensis	Streptomyces	Streptomycetaceae	Kitasatosporales	Actinomycetes	Actinomycetota	Bacteria
2865673	Streptomyces akebiae	Streptomyces	Streptomycetaceae	Kitasatosporales	Actinomycetes	Actinomycetota	Bacteria
624315	Phytohabitans suffuscus	Phytohabitans	Micromonosporaceae	Micromonosporales	Actinomycetes	Actinomycetota	Bacteria
1967	Streptomyces kanamyceticus	Streptomyces	Streptomycetaceae	Kitasatosporales	Actinomycetes	Actinomycetota	Bacteria
2653200	Streptomyces phaeolivaceus	Streptomyces	Streptomycetaceae	Kitasatosporales	Actinomycetes	Actinomycetota	Bacteria
424188	Streptomyces deccanensis	Streptomyces	Streptomycetaceae	Kitasatosporales	Actinomycetes	Actinomycetota	Bacteria
1586287	Lentzea guizhouensis	Lentzea	Pseudonocardiaceae	Pseudonocardiales	Actinomycetes	Actinomycetota	Bacteria
1413221	Streptomyces ferrugineus	Streptomyces	Streptomycetaceae	Kitasatosporales	Actinomycetes	Actinomycetota	Bacteria
2768066	Streptomyces roseirectus	Streptomyces	Streptomycetaceae	Kitasatosporales	Actinomycetes	Actinomycetota	Bacteria
122358	Actinoplanes ianthinogenes	Actinoplanes	Micromonosporaceae	Micromonosporales	Actinomycetes	Actinomycetota	Bacteria
1449976	Kutzneria albida DSM 43870	Kutzneria	Pseudonocardiaceae	Pseudonocardiales	Actinomycetes	Actinomycetota	Bacteria
2880933	Streptomyces longhuiensis	Streptomyces	Streptomycetaceae	Kitasatosporales	Actinomycetes	Actinomycetota	Bacteria
3040509	Actinoplanes oblitus	Actinoplanes	Micromonosporaceae	Micromonosporales	Actinomycetes	Actinomycetota	Bacteria
2686304	Streptomyces broussonetiae	Streptomyces	Streptomycetaceae	Kitasatosporales	Actinomycetes	Actinomycetota	Bacteria
319947	Streptomyces durmitorensis	Streptomyces	Streptomycetaceae	Kitasatosporales	Actinomycetes	Actinomycetota	Bacteria
1904616	Streptomyces fodineus	Streptomyces	Streptomycetaceae	Kitasatosporales	Actinomycetes	Actinomycetota	Bacteria
67287	Streptomyces cinnabarinus	Streptomyces	Streptomycetaceae	Kitasatosporales	Actinomycetes	Actinomycetota	Bacteria
1076124	Phytohabitans flavus	Phytohabitans	Micromonosporaceae	Micromonosporales	Actinomycetes	Actinomycetota	Bacteria
67308	Streptomyces janthinus	Streptomyces	Streptomycetaceae	Kitasatosporales	Actinomycetes	Actinomycetota	Bacteria
116188	Streptomyces coeruleorubidus	Streptomyces	Streptomycetaceae	Kitasatosporales	Actinomycetes	Actinomycetota	Bacteria
2184053	Streptomyces cadmiisoli	Streptomyces	Streptomycetaceae	Kitasatosporales	Actinomycetes	Actinomycetota	Bacteria
2879846	Streptomyces halobius	Streptomyces	Streptomycetaceae	Kitasatosporales	Actinomycetes	Actinomycetota	Bacteria
1804986	Amycolatopsis albispora	Amycolatopsis	Pseudonocardiaceae	Pseudonocardiales	Actinomycetes	Actinomycetota	Bacteria
1783515	Streptomyces qaidamensis	Streptomyces	Streptomycetaceae	Kitasatosporales	Actinomycetes	Actinomycetota	Bacteria
2981134	Streptomyces cynarae	Streptomyces	Streptomycetaceae	Kitasatosporales	Actinomycetes	Actinomycetota	Bacteria
204891	Nocardia iowensis	Nocardia	Nocardiaceae	Mycobacteriales	Actinomycetes	Actinomycetota	Bacteria
2750812	Actinomadura graeca	Actinomadura	Thermomonosporaceae	Streptosporangiales	Actinomycetes	Actinomycetota	Bacteria
2662397	Streptomyces fagopyri	Streptomyces	Streptomycetaceae	Kitasatosporales	Actinomycetes	Actinomycetota	Bacteria
67305	Streptomyces hawaiiensis	Streptomyces	Streptomycetaceae	Kitasatosporales	Actinomycetes	Actinomycetota	Bacteria
2811421	Rhodococcus pseudokoreensis	Rhodococcus	Nocardiaceae	Mycobacteriales	Actinomycetes	Actinomycetota	Bacteria
249567	Streptomyces decoyicus	Streptomyces	Streptomycetaceae	Kitasatosporales	Actinomycetes	Actinomycetota	Bacteria
2906474	Streptomyces spinosirectus	Streptomyces	Streptomycetaceae	Kitasatosporales	Actinomycetes	Actinomycetota	Bacteria
2049881	Streptomyces dengpaensis	Streptomyces	Streptomycetaceae	Kitasatosporales	Actinomycetes	Actinomycetota	Bacteria
2282738	Streptomyces paludis	Streptomyces	Streptomycetaceae	Kitasatosporales	Actinomycetes	Actinomycetota	Bacteria
2763006	Streptomyces buecherae	Streptomyces	Streptomycetaceae	Kitasatosporales	Actinomycetes	Actinomycetota	Bacteria
1535768	Streptomyces lunaelactis	Streptomyces	Streptomycetaceae	Kitasatosporales	Actinomycetes	Actinomycetota	Bacteria
338584	Polymorphospora rubra	Polymorphospora	Micromonosporaceae	Micromonosporales	Actinomycetes	Actinomycetota	Bacteria
2755382	Nocardia huaxiensis	Nocardia	Nocardiaceae	Mycobacteriales	Actinomycetes	Actinomycetota	Bacteria
47989	Dactylosporangium roseum	Dactylosporangium	Micromonosporaceae	Micromonosporales	Actinomycetes	Actinomycetota	Bacteria
715473	Amycolatopsis acidiphila	Amycolatopsis	Pseudonocardiaceae	Pseudonocardiales	Actinomycetes	Actinomycetota	Bacteria
1616117	Streptomyces formicae	Streptomyces	Streptomycetaceae	Kitasatosporales	Actinomycetes	Actinomycetota	Bacteria
2599401	Streptomyces qinzhouensis	Streptomyces	Streptomycetaceae	Kitasatosporales	Actinomycetes	Actinomycetota	Bacteria
1442032	Streptomyces dangxiongensis	Streptomyces	Streptomycetaceae	Kitasatosporales	Actinomycetes	Actinomycetota	Bacteria
2055889	Nocardia tengchongensis	Nocardia	Nocardiaceae	Mycobacteriales	Actinomycetes	Actinomycetota	Bacteria
132473	Streptomyces alboniger	Streptomyces	Streptomycetaceae	Kitasatosporales	Actinomycetes	Actinomycetota	Bacteria
2991545	Kitasatospora fiedleri	Kitasatospora	Streptomycetaceae	Kitasatosporales	Actinomycetes	Actinomycetota	Bacteria
284035	Streptomyces lienomycini	Streptomyces	Streptomycetaceae	Kitasatosporales	Actinomycetes	Actinomycetota	Bacteria
2923272	Streptomyces tubbatahanensis	Streptomyces	Streptomycetaceae	Kitasatosporales	Actinomycetes	Actinomycetota	Bacteria
33899	Streptomyces galilaeus	Streptomyces	Streptomycetaceae	Kitasatosporales	Actinomycetes	Actinomycetota	Bacteria
2717324	Streptomyces liangshanensis	Streptomyces	Streptomycetaceae	Kitasatosporales	Actinomycetes	Actinomycetota	Bacteria
1960	Streptomyces vinaceus	Streptomyces	Streptomycetaceae	Kitasatosporales	Actinomycetes	Actinomycetota	Bacteria
2842453	Amycolatopsis aidingensis	Amycolatopsis	Pseudonocardiaceae	Pseudonocardiales	Actinomycetes	Actinomycetota	Bacteria
67345	Streptomyces prasinus	Streptomyces	Streptomycetaceae	Kitasatosporales	Actinomycetes	Actinomycetota	Bacteria
3051092	Streptomyces vilmorinianum	Streptomyces	Streptomycetaceae	Kitasatosporales	Actinomycetes	Actinomycetota	Bacteria
2768068	Streptomyces genisteinicus	Streptomyces	Streptomycetaceae	Kitasatosporales	Actinomycetes	Actinomycetota	Bacteria
36818	Streptomyces subrutilus	Streptomyces	Streptomycetaceae	Kitasatosporales	Actinomycetes	Actinomycetota	Bacteria
28894	Streptomyces nitrosporeus	Streptomyces	Streptomycetaceae	Kitasatosporales	Actinomycetes	Actinomycetota	Bacteria
68278	Streptomyces tuirus	Streptomyces	Streptomycetaceae	Kitasatosporales	Actinomycetes	Actinomycetota	Bacteria
163604	Nocardiopsis exhalans	Nocardiopsis	Nocardiopsaceae	Streptosporangiales	Actinomycetes	Actinomycetota	Bacteria
42881	Streptomyces chromofuscus	Streptomyces	Streptomycetaceae	Kitasatosporales	Actinomycetes	Actinomycetota	Bacteria
3031124	Streptomyces cathayae	Streptomyces	Streptomycetaceae	Kitasatosporales	Actinomycetes	Actinomycetota	Bacteria
227318	Actinocatenispora thailandica	Actinocatenispora	Micromonosporaceae	Micromonosporales	Actinomycetes	Actinomycetota	Bacteria
2710756	Streptomyces bathyalis	Streptomyces	Streptomycetaceae	Kitasatosporales	Actinomycetes	Actinomycetota	Bacteria
2213200	Nocardia mangyaensis	Nocardia	Nocardiaceae	Mycobacteriales	Actinomycetes	Actinomycetota	Bacteria
2831969	Nocardiopsis changdeensis	Nocardiopsis	Nocardiopsaceae	Streptosporangiales	Actinomycetes	Actinomycetota	Bacteria
2736640	Pseudonocardia broussonetiae	Pseudonocardia	Pseudonocardiaceae	Pseudonocardiales	Actinomycetes	Actinomycetota	Bacteria
1612552	Actinoalloteichus fjordicus	Actinoalloteichus	Pseudonocardiaceae	Pseudonocardiales	Actinomycetes	Actinomycetota	Bacteria
2126346	Peterkaempfera bronchialis	Peterkaempfera	Streptomycetaceae	Kitasatosporales	Actinomycetes	Actinomycetota	Bacteria
390989	Actinocatenispora sera	Actinocatenispora	Micromonosporaceae	Micromonosporales	Actinomycetes	Actinomycetota	Bacteria
709879	Micromonospora halotolerans	Micromonospora	Micromonosporaceae	Micromonosporales	Actinomycetes	Actinomycetota	Bacteria
2991496	Streptomyces endophytica	Streptomyces	Streptomycetaceae	Kitasatosporales	Actinomycetes	Actinomycetota	Bacteria
2294034	Micromonospora craniellae	Micromonospora	Micromonosporaceae	Micromonosporales	Actinomycetes	Actinomycetota	Bacteria
2964669	Streptomyces changanensis	Streptomyces	Streptomycetaceae	Kitasatosporales	Actinomycetes	Actinomycetota	Bacteria
1411117	Thermomonospora amylolytica	Thermomonospora	Thermomonosporaceae	Streptosporangiales	Actinomycetes	Actinomycetota	Bacteria
1914461	Micromonospora terminaliae	Micromonospora	Micromonosporaceae	Micromonosporales	Actinomycetes	Actinomycetota	Bacteria
2749844	Micromonospora ferruginea	Micromonospora	Micromonosporaceae	Micromonosporales	Actinomycetes	Actinomycetota	Bacteria
1990687	Rhodococcus oxybenzonivorans	Rhodococcus	Nocardiaceae	Mycobacteriales	Actinomycetes	Actinomycetota	Bacteria
2831968	Nocardiopsis akebiae	Nocardiopsis	Nocardiopsaceae	Streptosporangiales	Actinomycetes	Actinomycetota	Bacteria
146017	Mycolicibacterium boenickei	Mycolicibacterium	Mycobacteriaceae	Mycobacteriales	Actinomycetes	Actinomycetota	Bacteria
37331	Pseudonocardia petroleophila	Pseudonocardia	Pseudonocardiaceae	Pseudonocardiales	Actinomycetes	Actinomycetota	Bacteria
1534349	Mycolicibacterium helvum	Mycolicibacterium	Mycobacteriaceae	Mycobacteriales	Actinomycetes	Actinomycetota	Bacteria
73044	Streptomyces seoulensis	Streptomyces	Streptomycetaceae	Kitasatosporales	Actinomycetes	Actinomycetota	Bacteria
39695	Mycolicibacterium tokaiense	Mycolicibacterium	Mycobacteriaceae	Mycobacteriales	Actinomycetes	Actinomycetota	Bacteria
2792008	Pseudonocardia abyssalis	Pseudonocardia	Pseudonocardiaceae	Pseudonocardiales	Actinomycetes	Actinomycetota	Bacteria
1719132	Mycobacterium vicinigordonae	Mycobacterium	Mycobacteriaceae	Mycobacteriales	Actinomycetes	Actinomycetota	Bacteria
44010	Mycobacterium conspicuum	Mycobacterium	Mycobacteriaceae	Mycobacteriales	Actinomycetes	Actinomycetota	Bacteria
449461	Nocardioides humi	Nocardioides	Nocardioidaceae	Propionibacteriales	Actinomycetes	Actinomycetota	Bacteria
292462	Mycobacterium florentinum	Mycobacterium	Mycobacteriaceae	Mycobacteriales	Actinomycetes	Actinomycetota	Bacteria
470076	Mycobacterium stomatepiae	Mycobacterium	Mycobacteriaceae	Mycobacteriales	Actinomycetes	Actinomycetota	Bacteria
560555	Mycobacterium mantenii	Mycobacterium	Mycobacteriaceae	Mycobacteriales	Actinomycetes	Actinomycetota	Bacteria
590652	Mycobacterium paraseoulense	Mycobacterium	Mycobacteriaceae	Mycobacteriales	Actinomycetes	Actinomycetota	Bacteria
1286181	Mycolicibacterium arabiense	Mycolicibacterium	Mycobacteriaceae	Mycobacteriales	Actinomycetes	Actinomycetota	Bacteria
1801	Mycolicibacterium diernhoferi	Mycolicibacterium	Mycobacteriaceae	Mycobacteriales	Actinomycetes	Actinomycetota	Bacteria
133549	Mycobacterium shottsii	Mycobacterium	Mycobacteriaceae	Mycobacteriales	Actinomycetes	Actinomycetota	Bacteria
388459	Mycolicibacterium crocinum	Mycolicibacterium	Mycobacteriaceae	Mycobacteriales	Actinomycetes	Actinomycetota	Bacteria
2736649	Mycolicibacterium mengxianglii	Mycolicibacterium	Mycobacteriaceae	Mycobacteriales	Actinomycetes	Actinomycetota	Bacteria
2420509	Gordonia insulae	Gordonia	Gordoniaceae	Mycobacteriales	Actinomycetes	Actinomycetota	Bacteria
2884022	Capillimicrobium parvum	Capillimicrobium	Capillimicrobiaceae	Solirubrobacterales	Thermoleophilia	Actinomycetota	Bacteria
185642	Mycobacterium parmense	Mycobacterium	Mycobacteriaceae	Mycobacteriales	Actinomycetes	Actinomycetota	Bacteria
1799	Mycolicibacterium aichiense	Mycolicibacterium	Mycobacteriaceae	Mycobacteriales	Actinomycetes	Actinomycetota	Bacteria
28047	Mycolicibacterium confluentis	Mycolicibacterium	Mycobacteriaceae	Mycobacteriales	Actinomycetes	Actinomycetota	Bacteria
2820884	Spiractinospora alimapuensis	Spiractinospora	Nocardiopsaceae	Streptosporangiales	Actinomycetes	Actinomycetota	Bacteria
2997333	Baekduia alba	Baekduia	Baekduiaceae	Solirubrobacterales	Thermoleophilia	Actinomycetota	Bacteria
319706	Mycolicibacterium phocaicum	Mycolicibacterium	Mycobacteriaceae	Mycobacteriales	Actinomycetes	Actinomycetota	Bacteria
1682113	Mycobacterium adipatum	Mycobacterium	Mycobacteriaceae	Mycobacteriales	Actinomycetes	Actinomycetota	Bacteria
1608957	Euzebya pacifica	Euzebya	Euzebyaceae	Euzebyales	Nitriliruptoria	Actinomycetota	Bacteria
216929	Mycolicibacterium psychrotolerans	Mycolicibacterium	Mycobacteriaceae	Mycobacteriales	Actinomycetes	Actinomycetota	Bacteria
2498135	Streptomonospora litoralis	Streptomonospora	Nocardiopsaceae	Streptosporangiales	Actinomycetes	Actinomycetota	Bacteria
39694	Mycolicibacterium poriferae	Mycolicibacterium	Mycobacteriaceae	Mycobacteriales	Actinomycetes	Actinomycetota	Bacteria
67081	Mycolicibacterium alvei	Mycolicibacterium	Mycobacteriaceae	Mycobacteriales	Actinomycetes	Actinomycetota	Bacteria
212765	Mycolicibacterium madagascariense	Mycolicibacterium	Mycobacteriaceae	Mycobacteriales	Actinomycetes	Actinomycetota	Bacteria
2811111	Natronosporangium hydrolyticum	Natronosporangium	Micromonosporaceae	Micromonosporales	Actinomycetes	Actinomycetota	Bacteria
1431246	Mycolicibacterium anyangense	Mycolicibacterium	Mycobacteriaceae	Mycobacteriales	Actinomycetes	Actinomycetota	Bacteria
2875706	Streptomyces gobiensis	Streptomyces	Streptomycetaceae	Kitasatosporales	Actinomycetes	Actinomycetota	Bacteria
39688	Mycolicibacterium duvalii	Mycolicibacterium	Mycobacteriaceae	Mycobacteriales	Actinomycetes	Actinomycetota	Bacteria
2675754	Occultella kanbiaonis	Occultella	Ruaniaceae	Micrococcales	Actinomycetes	Actinomycetota	Bacteria
2094119	Mycobacterium basiliense	Mycobacterium	Mycobacteriaceae	Mycobacteriales	Actinomycetes	Actinomycetota	Bacteria
886343	Mycobacterium spongiae	Mycobacterium	Mycobacteriaceae	Mycobacteriales	Actinomycetes	Actinomycetota	Bacteria
386911	Mycobacterium seoulense	Mycobacterium	Mycobacteriaceae	Mycobacteriales	Actinomycetes	Actinomycetota	Bacteria
577492	Mycobacterium paraterrae	Mycobacterium	Mycobacteriaceae	Mycobacteriales	Actinomycetes	Actinomycetota	Bacteria
36813	Mycolicibacterium pulveris	Mycolicibacterium	Mycobacteriaceae	Mycobacteriales	Actinomycetes	Actinomycetota	Bacteria
1792	Mycolicibacterium chitae	Mycolicibacterium	Mycobacteriaceae	Mycobacteriales	Actinomycetes	Actinomycetota	Bacteria
571913	Luteipulveratus mongoliensis	Luteipulveratus	Dermacoccaceae	Micrococcales	Actinomycetes	Actinomycetota	Bacteria
1775	Mycobacterium cookii	Mycobacterium	Mycobacteriaceae	Mycobacteriales	Actinomycetes	Actinomycetota	Bacteria
496014	Baekduia soli	Baekduia	Baekduiaceae	Solirubrobacterales	Thermoleophilia	Actinomycetota	Bacteria
2949664	Paraconexibacter antarcticus	Paraconexibacter	Paraconexibacteraceae	Solirubrobacterales	Thermoleophilia	Actinomycetota	Bacteria
2596828	Microlunatus elymi	Microlunatus	Propionibacteriaceae	Propionibacteriales	Actinomycetes	Actinomycetota	Bacteria
2712223	Nocardioides anomalus	Nocardioides	Nocardioidaceae	Propionibacteriales	Actinomycetes	Actinomycetota	Bacteria
43348	Mycobacterium branderi	Mycobacterium	Mycobacteriaceae	Mycobacteriales	Actinomycetes	Actinomycetota	Bacteria
169765	Mycobacterium lacus	Mycobacterium	Mycobacteriaceae	Mycobacteriales	Actinomycetes	Actinomycetota	Bacteria
53376	Mycobacterium heidelbergense	Mycobacterium	Mycobacteriaceae	Mycobacteriales	Actinomycetes	Actinomycetota	Bacteria
1249101	Mycolicibacterium celeriflavum	Mycolicibacterium	Mycobacteriaceae	Mycobacteriales	Actinomycetes	Actinomycetota	Bacteria
1520670	[Mycobacterium] stephanolepidis	Mycobacteroides	Mycobacteriaceae	Mycobacteriales	Actinomycetes	Actinomycetota	Bacteria
1795032	Mycolicibacter virginiensis	Mycolicibacter	Mycobacteriaceae	Mycobacteriales	Actinomycetes	Actinomycetota	Bacteria
2849501	Nocardioides panacis	Nocardioides	Nocardioidaceae	Propionibacteriales	Actinomycetes	Actinomycetota	Bacteria
1564165	Blastococcus brunescens	Blastococcus	Geodermatophilaceae	Geodermatophilales	Actinomycetes	Actinomycetota	Bacteria
2665642	Allosaccharopolyspora coralli	Allosaccharopolyspora	Pseudonocardiaceae	Pseudonocardiales	Actinomycetes	Actinomycetota	Bacteria
1534348	Mycolicibacterium sarraceniae	Mycolicibacterium	Mycobacteriaceae	Mycobacteriales	Actinomycetes	Actinomycetota	Bacteria
459858	Mycobacterium noviomagense	Mycobacterium	Mycobacteriaceae	Mycobacteriales	Actinomycetes	Actinomycetota	Bacteria
404941	Mycobacteroides salmoniphilum	Mycobacteroides	Mycobacteriaceae	Mycobacteriales	Actinomycetes	Actinomycetota	Bacteria
2884263	Dermatobacter hominis	Dermatobacter	Iamiaceae	Acidimicrobiales	Acidimicrobiia	Actinomycetota	Bacteria
875328	Mycolicibacter sinensis	Mycolicibacter	Mycobacteriaceae	Mycobacteriales	Actinomycetes	Actinomycetota	Bacteria
1670831	Egibacter rhizosphaerae	Egibacter	Egibacteraceae	Egibacterales	Nitriliruptoria	Actinomycetota	Bacteria
2587808	Cellulosimicrobium protaetiae	Cellulosimicrobium	Promicromonosporaceae	Micrococcales	Actinomycetes	Actinomycetota	Bacteria
1643322	Nocardioides ungokensis	Nocardioides	Nocardioidaceae	Propionibacteriales	Actinomycetes	Actinomycetota	Bacteria
160826	Nocardioides aquaticus	Nocardioides	Nocardioidaceae	Propionibacteriales	Actinomycetes	Actinomycetota	Bacteria
444597	Mycolicibacterium insubricum	Mycolicibacterium	Mycobacteriaceae	Mycobacteriales	Actinomycetes	Actinomycetota	Bacteria
2944128	Jatrophihabitans cynanchi	Jatrophihabitans	Jatrophihabitantaceae	Jatrophihabitantales	Actinomycetes	Actinomycetota	Bacteria
398694	Mycobacterium shinjukuense	Mycobacterium	Mycobacteriaceae	Mycobacteriales	Actinomycetes	Actinomycetota	Bacteria
2894081	Nocardioides okcheonensis	Nocardioides	Nocardioidaceae	Propionibacteriales	Actinomycetes	Actinomycetota	Bacteria
2492438	Mycobacterium novum	Mycobacterium	Mycobacteriaceae	Mycobacteriales	Actinomycetes	Actinomycetota	Bacteria
2779775	Ruania alkalisoli	Ruania	Ruaniaceae	Micrococcales	Actinomycetes	Actinomycetota	Bacteria
2589074	Nocardioides sambongensis	Nocardioides	Nocardioidaceae	Propionibacteriales	Actinomycetes	Actinomycetota	Bacteria
1136941	Gordonia phthalatica	Gordonia	Gordoniaceae	Mycobacteriales	Actinomycetes	Actinomycetota	Bacteria
2898795	Brevibacterium zhoupengii	Brevibacterium	Brevibacteriaceae	Micrococcales	Actinomycetes	Actinomycetota	Bacteria
29314	Mycolicibacter hiberniae	Mycolicibacter	Mycobacteriaceae	Mycobacteriales	Actinomycetes	Actinomycetota	Bacteria
2819238	Pengzhenrongella sicca	Pengzhenrongella		Micrococcales	Actinomycetes	Actinomycetota	Bacteria
2663857	Nocardioides marmotae	Nocardioides	Nocardioidaceae	Propionibacteriales	Actinomycetes	Actinomycetota	Bacteria
2220095	Cryobacterium soli	Cryobacterium	Microbacteriaceae	Micrococcales	Actinomycetes	Actinomycetota	Bacteria
2653851	Rubrobacter tropicus	Rubrobacter	Rubrobacteraceae	Rubrobacterales	Rubrobacteria	Actinomycetota	Bacteria
453304	Agromyces aureus	Agromyces	Microbacteriaceae	Micrococcales	Actinomycetes	Actinomycetota	Bacteria
2211210	Arthrobacter dokdonellae	Arthrobacter	Micrococcaceae	Micrococcales	Actinomycetes	Actinomycetota	Bacteria
2760083	Tomitella gaofuii	Tomitella		Mycobacteriales	Actinomycetes	Actinomycetota	Bacteria
2895559	Subtercola endophyticus	Subtercola	Microbacteriaceae	Micrococcales	Actinomycetes	Actinomycetota	Bacteria
2942909	Brachybacterium kimchii	Brachybacterium	Dermabacteraceae	Micrococcales	Actinomycetes	Actinomycetota	Bacteria
2897773	Ruania halotolerans	Ruania	Ruaniaceae	Micrococcales	Actinomycetes	Actinomycetota	Bacteria
2685869	Nocardioides ochotonae	Nocardioides	Nocardioidaceae	Propionibacteriales	Actinomycetes	Actinomycetota	Bacteria
2697565	Brevibacterium limosum	Brevibacterium	Brevibacteriaceae	Micrococcales	Actinomycetes	Actinomycetota	Bacteria
1268041	Frondihabitans sucicola	Frondihabitans	Microbacteriaceae	Micrococcales	Actinomycetes	Actinomycetota	Bacteria
1118379	Mycolicibacter minnesotensis	Mycolicibacter	Mycobacteriaceae	Mycobacteriales	Actinomycetes	Actinomycetota	Bacteria
2760089	Nocardioides dongkuii	Nocardioides	Nocardioidaceae	Propionibacteriales	Actinomycetes	Actinomycetota	Bacteria
2736757	Nocardioides campestrisoli	Nocardioides	Nocardioidaceae	Propionibacteriales	Actinomycetes	Actinomycetota	Bacteria
2038343	Jatrophihabitans telluris	Jatrophihabitans	Jatrophihabitantaceae	Jatrophihabitantales	Actinomycetes	Actinomycetota	Bacteria
2968083	Cellulomonas xiejunii	Cellulomonas	Cellulomonadaceae	Micrococcales	Actinomycetes	Actinomycetota	Bacteria
2599293	Humibacter ginsenosidimutans	Humibacter	Microbacteriaceae	Micrococcales	Actinomycetes	Actinomycetota	Bacteria
2690837	Eggerthella guodeyinii	Eggerthella	Eggerthellaceae	Eggerthellales	Coriobacteriia	Actinomycetota	Bacteria
2813727	Arthrobacter polaris	Arthrobacter	Micrococcaceae	Micrococcales	Actinomycetes	Actinomycetota	Bacteria
2589797	Georgenia yuyongxinii	Georgenia	Bogoriellaceae	Micrococcales	Actinomycetes	Actinomycetota	Bacteria
2909672	Brevibacterium spongiae	Brevibacterium	Brevibacteriaceae	Micrococcales	Actinomycetes	Actinomycetota	Bacteria
1793	Mycolicibacterium fallax	Mycolicibacterium	Mycobacteriaceae	Mycobacteriales	Actinomycetes	Actinomycetota	Bacteria
2697563	Brevibacterium atlanticum	Brevibacterium	Brevibacteriaceae	Micrococcales	Actinomycetes	Actinomycetota	Bacteria
2653852	Rubrobacter marinus	Rubrobacter	Rubrobacteraceae	Rubrobacterales	Rubrobacteria	Actinomycetota	Bacteria
1069220	Mycolicibacillus koreensis	Mycolicibacillus	Mycobacteriaceae	Mycobacteriales	Actinomycetes	Actinomycetota	Bacteria
2968085	Cellulomonas wangsupingiae	Cellulomonas	Cellulomonadaceae	Micrococcales	Actinomycetes	Actinomycetota	Bacteria
2594265	Ornithinimicrobium ciconiae	Ornithinimicrobium	Ornithinimicrobiaceae	Micrococcales	Actinomycetes	Actinomycetota	Bacteria
1774216	Nocardioides rotundus	Nocardioides	Nocardioidaceae	Propionibacteriales	Actinomycetes	Actinomycetota	Bacteria
2816956	Cellulomonas wangleii	Cellulomonas	Cellulomonadaceae	Micrococcales	Actinomycetes	Actinomycetota	Bacteria
2483798	Nocardioides pantholopis	Nocardioides	Nocardioidaceae	Propionibacteriales	Actinomycetes	Actinomycetota	Bacteria
126673	Mycolicibacterium doricum	Mycolicibacterium	Mycobacteriaceae	Mycobacteriales	Actinomycetes	Actinomycetota	Bacteria
1891644	Epidermidibacterium keratini	Epidermidibacterium	Sporichthyaceae	Sporichthyales	Actinomycetes	Actinomycetota	Bacteria
2518370	Nocardioides euryhalodurans	Nocardioides	Nocardioidaceae	Propionibacteriales	Actinomycetes	Actinomycetota	Bacteria
2929802	Agromyces larvae	Agromyces	Microbacteriaceae	Micrococcales	Actinomycetes	Actinomycetota	Bacteria
2558918	Nocardioides cynanchi	Nocardioides	Nocardioidaceae	Propionibacteriales	Actinomycetes	Actinomycetota	Bacteria
2819978	Cellulomonas fengjieae	Cellulomonas	Cellulomonadaceae	Micrococcales	Actinomycetes	Actinomycetota	Bacteria
2057800	Actinomyces qiguomingii	Actinomyces	Actinomycetaceae	Actinomycetales	Actinomycetes	Actinomycetota	Bacteria
2782169	Microbacterium cremeum	Microbacterium	Microbacteriaceae	Micrococcales	Actinomycetes	Actinomycetota	Bacteria
2819979	Cellulomonas dongxiuzhuiae	Cellulomonas	Cellulomonadaceae	Micrococcales	Actinomycetes	Actinomycetota	Bacteria
1670830	Egicoccus halophilus	Egicoccus	Egicoccaceae	Egicoccales	Nitriliruptoria	Actinomycetota	Bacteria
2518371	Nocardioides seonyuensis	Nocardioides	Nocardioidaceae	Propionibacteriales	Actinomycetes	Actinomycetota	Bacteria
2597660	Tomitella fengzijianii	Tomitella		Mycobacteriales	Actinomycetes	Actinomycetota	Bacteria
2811108	Natronoglycomyces albus	Natronoglycomyces	Glycomycetaceae	Glycomycetales	Actinomycetes	Actinomycetota	Bacteria
1332264	Tessaracoccus aquimaris	Tessaracoccus	Propionibacteriaceae	Propionibacteriales	Actinomycetes	Actinomycetota	Bacteria
1069221	Mycolicibacillus parakoreensis	Mycolicibacillus	Mycobacteriaceae	Mycobacteriales	Actinomycetes	Actinomycetota	Bacteria
2283195	Ornithinimicrobium avium	Ornithinimicrobium	Ornithinimicrobiaceae	Micrococcales	Actinomycetes	Actinomycetota	Bacteria
2816859	Arthrobacter sunyaminii	Arthrobacter	Micrococcaceae	Micrococcales	Actinomycetes	Actinomycetota	Bacteria
1496080	Brevibacterium pigmentatum	Brevibacterium	Brevibacteriaceae	Micrococcales	Actinomycetes	Actinomycetota	Bacteria
2566013	Cellulomonas shaoxiangyii	Cellulomonas	Cellulomonadaceae	Micrococcales	Actinomycetes	Actinomycetota	Bacteria
1285901	Tessaracoccus defluvii	Tessaracoccus	Propionibacteriaceae	Propionibacteriales	Actinomycetes	Actinomycetota	Bacteria
2803858	Nocardioides faecalis	Nocardioides	Nocardioidaceae	Propionibacteriales	Actinomycetes	Actinomycetota	Bacteria
2509457	Xylanimonas protaetiae	Xylanimonas	Promicromonosporaceae	Micrococcales	Actinomycetes	Actinomycetota	Bacteria
75385	Micropruina glycogenica	Micropruina	Nocardioidaceae	Propionibacteriales	Actinomycetes	Actinomycetota	Bacteria
2608402	Cellulomonas palmilytica	Cellulomonas	Cellulomonadaceae	Micrococcales	Actinomycetes	Actinomycetota	Bacteria
2541726	Microbacterium wangchenii	Microbacterium	Microbacteriaceae	Micrococcales	Actinomycetes	Actinomycetota	Bacteria
2509459	Xylanimonas allomyrinae	Xylanimonas	Promicromonosporaceae	Micrococcales	Actinomycetes	Actinomycetota	Bacteria
2017484	Brachybacterium vulturis	Brachybacterium	Dermabacteraceae	Micrococcales	Actinomycetes	Actinomycetota	Bacteria
2714938	Nocardioides piscis	Nocardioides	Nocardioidaceae	Propionibacteriales	Actinomycetes	Actinomycetota	Bacteria
2895818	Arthrobacter antioxidans	Arthrobacter	Micrococcaceae	Micrococcales	Actinomycetes	Actinomycetota	Bacteria
2934161	Ornithinimicrobium cryptoxanthini	Ornithinimicrobium	Ornithinimicrobiaceae	Micrococcales	Actinomycetes	Actinomycetota	Bacteria
2079793	Aeromicrobium chenweiae	Aeromicrobium	Nocardioidaceae	Propionibacteriales	Actinomycetes	Actinomycetota	Bacteria
2789776	Actinomarinicola tropica	Actinomarinicola	Iamiaceae	Acidimicrobiales	Acidimicrobiia	Actinomycetota	Bacteria
2782168	Microbacterium atlanticum	Microbacterium	Microbacteriaceae	Micrococcales	Actinomycetes	Actinomycetota	Bacteria
1288636	Ornithinimicrobium flavum	Ornithinimicrobium	Ornithinimicrobiaceae	Micrococcales	Actinomycetes	Actinomycetota	Bacteria
2714935	Leucobacter viscericola	Leucobacter	Microbacteriaceae	Micrococcales	Actinomycetes	Actinomycetota	Bacteria
2886940	Arthrobacter gengyunqii	Arthrobacter	Micrococcaceae	Micrococcales	Actinomycetes	Actinomycetota	Bacteria
1535208	Barrientosiimonas endolithica	Barrientosiimonas	Dermacoccaceae	Micrococcales	Actinomycetes	Actinomycetota	Bacteria
2843216	Miltoncostaea oceani	Miltoncostaea	Miltoncostaeaceae	Miltoncostaeales	Thermoleophilia	Actinomycetota	Bacteria
2987751	Rhodococcus antarcticus	Rhodococcus	Nocardiaceae	Mycobacteriales	Actinomycetes	Actinomycetota	Bacteria
2714937	Propioniciclava coleopterorum	Propioniciclava	Propionibacteriaceae	Propionibacteriales	Actinomycetes	Actinomycetota	Bacteria
2614639	Microbacterium lushaniae	Microbacterium	Microbacteriaceae	Micrococcales	Actinomycetes	Actinomycetota	Bacteria
2662261	Raineyella fluvialis	Raineyella	Propionibacteriaceae	Propionibacteriales	Actinomycetes	Actinomycetota	Bacteria
2419771	Gryllotalpicola protaetiae	Gryllotalpicola	Microbacteriaceae	Micrococcales	Actinomycetes	Actinomycetota	Bacteria
2964609	Arthrobacter jinronghuae	Arthrobacter	Micrococcaceae	Micrococcales	Actinomycetes	Actinomycetota	Bacteria
2662028	Aeromicrobium yanjiei	Aeromicrobium	Nocardioidaceae	Propionibacteriales	Actinomycetes	Actinomycetota	Bacteria
2041	Aeromicrobium erythreum	Aeromicrobium	Nocardioidaceae	Propionibacteriales	Actinomycetes	Actinomycetota	Bacteria
2769067	Paramicrobacterium chengjingii	Paramicrobacterium	Microbacteriaceae	Micrococcales	Actinomycetes	Actinomycetota	Bacteria
2708079	Paramicrobacterium fandaimingii	Paramicrobacterium	Microbacteriaceae	Micrococcales	Actinomycetes	Actinomycetota	Bacteria
499555	Dietzia timorensis	Dietzia	Dietziaceae	Mycobacteriales	Actinomycetes	Actinomycetota	Bacteria
399497	Tessaracoccus flavescens	Tessaracoccus	Propionibacteriaceae	Propionibacteriales	Actinomycetes	Actinomycetota	Bacteria
2560010	Actinomyces procaprae	Actinomyces	Actinomycetaceae	Actinomycetales	Actinomycetes	Actinomycetota	Bacteria
1758689	Serinicoccus hydrothermalis	Serinicoccus	Ornithinimicrobiaceae	Micrococcales	Actinomycetes	Actinomycetota	Bacteria
1618207	Psychromicrobium lacuslunae	Psychromicrobium	Micrococcaceae	Micrococcales	Actinomycetes	Actinomycetota	Bacteria
2817475	Arthrobacter jiangjiafuii	Arthrobacter	Micrococcaceae	Micrococcales	Actinomycetes	Actinomycetota	Bacteria
2968084	Cellulomonas chengniuliangii	Cellulomonas	Cellulomonadaceae	Micrococcales	Actinomycetes	Actinomycetota	Bacteria
2909587	Microbacterium elymi	Microbacterium	Microbacteriaceae	Micrococcales	Actinomycetes	Actinomycetota	Bacteria
2932247	Leucobacter allii	Leucobacter	Microbacteriaceae	Micrococcales	Actinomycetes	Actinomycetota	Bacteria
2897774	Ruania suaedae	Ruania	Ruaniaceae	Micrococcales	Actinomycetes	Actinomycetota	Bacteria
1072463	Microbacterium lemovicicum	Microbacterium	Microbacteriaceae	Micrococcales	Actinomycetes	Actinomycetota	Bacteria
2886935	Arthrobacter caoxuetaonis	Arthrobacter	Micrococcaceae	Micrococcales	Actinomycetes	Actinomycetota	Bacteria
2593973	Ornithinimicrobium pratense	Ornithinimicrobium	Ornithinimicrobiaceae	Micrococcales	Actinomycetes	Actinomycetota	Bacteria
2506452	Corynebacterium suranareeae	Corynebacterium	Corynebacteriaceae	Mycobacteriales	Actinomycetes	Actinomycetota	Bacteria
2872154	Nocardioides coralli	Nocardioides	Nocardioidaceae	Propionibacteriales	Actinomycetes	Actinomycetota	Bacteria
2782167	Microbacterium luteum	Microbacterium	Microbacteriaceae	Micrococcales	Actinomycetes	Actinomycetota	Bacteria
1404245	Corynebacterium glyciniphilum AJ 3170	Corynebacterium	Corynebacteriaceae	Mycobacteriales	Actinomycetes	Actinomycetota	Bacteria
1784719	Leucobacter triazinivorans	Leucobacter	Microbacteriaceae	Micrococcales	Actinomycetes	Actinomycetota	Bacteria
2964616	Arthrobacter zhaoxinii	Arthrobacter	Micrococcaceae	Micrococcales	Actinomycetes	Actinomycetota	Bacteria
2886936	Arthrobacter zhangbolii	Arthrobacter	Micrococcaceae	Micrococcales	Actinomycetes	Actinomycetota	Bacteria
2017485	Brachybacterium avium	Brachybacterium	Dermabacteraceae	Micrococcales	Actinomycetes	Actinomycetota	Bacteria
2585135	Georgenia wutianyii	Georgenia	Bogoriellaceae	Micrococcales	Actinomycetes	Actinomycetota	Bacteria
2781962	Agromyces archimandritae	Agromyces	Microbacteriaceae	Micrococcales	Actinomycetes	Actinomycetota	Bacteria
2716227	Gephyromycinifex aptenodytis	Gephyromycinifex	Dermatophilaceae	Micrococcales	Actinomycetes	Actinomycetota	Bacteria
1138587	Paraoerskovia sediminicola	Paraoerskovia	Cellulomonadaceae	Micrococcales	Actinomycetes	Actinomycetota	Bacteria
2729175	Cellulomonas taurus	Cellulomonas	Cellulomonadaceae	Micrococcales	Actinomycetes	Actinomycetota	Bacteria
2585717	Agromyces laixinhei	Agromyces	Microbacteriaceae	Micrococcales	Actinomycetes	Actinomycetota	Bacteria
2057246	Acidipropionibacterium virtanenii	Acidipropionibacterium	Propionibacteriaceae	Propionibacteriales	Actinomycetes	Actinomycetota	Bacteria
2483799	Georgenia faecalis	Georgenia	Bogoriellaceae	Micrococcales	Actinomycetes	Actinomycetota	Bacteria
571915	Corynebacterium mustelae	Corynebacterium	Corynebacteriaceae	Mycobacteriales	Actinomycetes	Actinomycetota	Bacteria
1162966	Naasia aerilata	Naasia	Microbacteriaceae	Micrococcales	Actinomycetes	Actinomycetota	Bacteria
2873270	Leucobacter tenebrionis	Leucobacter	Microbacteriaceae	Micrococcales	Actinomycetes	Actinomycetota	Bacteria
1902245	Nakamurella antarctica	Nakamurella	Nakamurellaceae	Nakamurellales	Actinomycetes	Actinomycetota	Bacteria
2843215	Miltoncostaea marina	Miltoncostaea	Miltoncostaeaceae	Miltoncostaeales	Thermoleophilia	Actinomycetota	Bacteria
674079	Marisediminicola antarctica	Marisediminicola	Microbacteriaceae	Micrococcales	Actinomycetes	Actinomycetota	Bacteria
2932245	Leucobacter rhizosphaerae	Leucobacter	Microbacteriaceae	Micrococcales	Actinomycetes	Actinomycetota	Bacteria
2614638	Microbacterium caowuchunii	Microbacterium	Microbacteriaceae	Micrococcales	Actinomycetes	Actinomycetota	Bacteria
2597659	Gordonia zhaorongruii	Gordonia	Gordoniaceae	Mycobacteriales	Actinomycetes	Actinomycetota	Bacteria
2714933	Leucobacter coleopterorum	Leucobacter	Microbacteriaceae	Micrococcales	Actinomycetes	Actinomycetota	Bacteria
1935379	Leucobacter muris	Leucobacter	Microbacteriaceae	Micrococcales	Actinomycetes	Actinomycetota	Bacteria
3041175	Brooklawnia propionicigenes	Brooklawnia	Propionibacteriaceae	Propionibacteriales	Actinomycetes	Actinomycetota	Bacteria
2829499	Tessaracoccus palaemonis	Tessaracoccus	Propionibacteriaceae	Propionibacteriales	Actinomycetes	Actinomycetota	Bacteria
1389020	Agromyces marinus	Agromyces	Microbacteriaceae	Micrococcales	Actinomycetes	Actinomycetota	Bacteria
2859226	Mycetocola spongiae	Mycetocola	Microbacteriaceae	Micrococcales	Actinomycetes	Actinomycetota	Bacteria
2755559	Actinomyces capricornis	Actinomyces	Actinomycetaceae	Actinomycetales	Actinomycetes	Actinomycetota	Bacteria
683047	Microbacterium suwonense	Microbacterium	Microbacteriaceae	Micrococcales	Actinomycetes	Actinomycetota	Bacteria
2079792	Mycetocola zhujimingii	Mycetocola	Microbacteriaceae	Micrococcales	Actinomycetes	Actinomycetota	Bacteria
52771	Actinomyces howellii	Actinomyces	Actinomycetaceae	Actinomycetales	Actinomycetes	Actinomycetota	Bacteria
2968086	Aeromicrobium duanguangcaii	Aeromicrobium	Nocardioidaceae	Propionibacteriales	Actinomycetes	Actinomycetota	Bacteria
2675219	Corynebacterium occultum	Corynebacterium	Corynebacteriaceae	Mycobacteriales	Actinomycetes	Actinomycetota	Bacteria
2057743	Actinomyces wuliandei	Actinomyces	Actinomycetaceae	Actinomycetales	Actinomycetes	Actinomycetota	Bacteria
2768071	Clavibacter zhangzhiyongii	Clavibacter	Microbacteriaceae	Micrococcales	Actinomycetes	Actinomycetota	Bacteria
394964	Corynebacterium hansenii	Corynebacterium	Corynebacteriaceae	Mycobacteriales	Actinomycetes	Actinomycetota	Bacteria
2419774	Protaetiibacter intestinalis	Protaetiibacter	Microbacteriaceae	Micrococcales	Actinomycetes	Actinomycetota	Bacteria
2080742	Agromyces badenianii	Agromyces	Microbacteriaceae	Micrococcales	Actinomycetes	Actinomycetota	Bacteria
111015	Actinomyces radicidentis	Actinomyces	Actinomycetaceae	Actinomycetales	Actinomycetes	Actinomycetota	Bacteria
1652495	Corynebacterium crudilactis	Corynebacterium	Corynebacteriaceae	Mycobacteriales	Actinomycetes	Actinomycetota	Bacteria
679663	Corynebacterium canis	Corynebacterium	Corynebacteriaceae	Mycobacteriales	Actinomycetes	Actinomycetota	Bacteria
119981	Propionibacterium australiense	Propionibacterium	Propionibacteriaceae	Propionibacteriales	Actinomycetes	Actinomycetota	Bacteria
1758466	Corynebacterium faecale	Corynebacterium	Corynebacteriaceae	Mycobacteriales	Actinomycetes	Actinomycetota	Bacteria
1862358	Corynebacterium choanae	Corynebacterium	Corynebacteriaceae	Mycobacteriales	Actinomycetes	Actinomycetota	Bacteria
931089	Corynebacterium deserti GIMN1.010	Corynebacterium	Corynebacteriaceae	Mycobacteriales	Actinomycetes	Actinomycetota	Bacteria
1804624	Nocardioides baekrokdamisoli	Nocardioides	Nocardioidaceae	Propionibacteriales	Actinomycetes	Actinomycetota	Bacteria
472569	Devriesea agamarum	Devriesea	Dermabacteraceae	Micrococcales	Actinomycetes	Actinomycetota	Bacteria
1431546	Corynebacterium aquilae DSM 44791	Corynebacterium	Corynebacteriaceae	Mycobacteriales	Actinomycetes	Actinomycetota	Bacteria
1765219	Bifidobacterium eulemuris	Bifidobacterium	Bifidobacteriaceae	Bifidobacteriales	Actinomycetes	Actinomycetota	Bacteria
2714934	Leucobacter insecticola	Leucobacter	Microbacteriaceae	Micrococcales	Actinomycetes	Actinomycetota	Bacteria
2744574	Actinomyces respiraculi	Actinomyces	Actinomycetaceae	Actinomycetales	Actinomycetes	Actinomycetota	Bacteria
2707299	Adlercreutzia hattorii	Adlercreutzia	Eggerthellaceae	Eggerthellales	Coriobacteriia	Actinomycetota	Bacteria
2880260	Antiquaquibacter oligotrophicus	Antiquaquibacter	Microbacteriaceae	Micrococcales	Actinomycetes	Actinomycetota	Bacteria
3049801	Corynebacterium suedekumii	Corynebacterium	Corynebacteriaceae	Mycobacteriales	Actinomycetes	Actinomycetota	Bacteria
2051957	Rubrobacter indicoceani	Rubrobacter	Rubrobacteraceae	Rubrobacterales	Rubrobacteria	Actinomycetota	Bacteria
2496867	Flaviflexus ciconiae	Flaviflexus	Actinomycetaceae	Actinomycetales	Actinomycetes	Actinomycetota	Bacteria
161899	Corynebacterium singulare	Corynebacterium	Corynebacteriaceae	Mycobacteriales	Actinomycetes	Actinomycetota	Bacteria
2675218	Corynebacterium comes	Corynebacterium	Corynebacteriaceae	Mycobacteriales	Actinomycetes	Actinomycetota	Bacteria
3079935	Microbacterium limosum	Microbacterium	Microbacteriaceae	Micrococcales	Actinomycetes	Actinomycetota	Bacteria
161895	Corynebacterium phocae	Corynebacterium	Corynebacteriaceae	Mycobacteriales	Actinomycetes	Actinomycetota	Bacteria
1408189	Corynebacterium lactis RW2-5	Corynebacterium	Corynebacteriaceae	Mycobacteriales	Actinomycetes	Actinomycetota	Bacteria
2161816	Tessaracoccus timonensis	Tessaracoccus	Propionibacteriaceae	Propionibacteriales	Actinomycetes	Actinomycetota	Bacteria
136857	Corynebacterium testudinoris	Corynebacterium	Corynebacteriaceae	Mycobacteriales	Actinomycetes	Actinomycetota	Bacteria
1336740	Corynebacterium atrinae	Corynebacterium	Corynebacteriaceae	Mycobacteriales	Actinomycetes	Actinomycetota	Bacteria
2994971	Microcella daejeonensis	Microcella	Microbacteriaceae	Micrococcales	Actinomycetes	Actinomycetota	Bacteria
1930058	Demequina sediminis	Demequina	Demequinaceae	Micrococcales	Actinomycetes	Actinomycetota	Bacteria
1548602	Nesterenkonia pannonica	Nesterenkonia	Micrococcaceae	Micrococcales	Actinomycetes	Actinomycetota	Bacteria
2722820	Actinomyces faecalis	Actinomyces	Actinomycetaceae	Actinomycetales	Actinomycetes	Actinomycetota	Bacteria
1050174	Corynebacterium epidermidicanis	Corynebacterium	Corynebacteriaceae	Mycobacteriales	Actinomycetes	Actinomycetota	Bacteria
2963406	Microcella humidisoli	Microcella	Microbacteriaceae	Micrococcales	Actinomycetes	Actinomycetota	Bacteria
2856555	Micrococcus porci	Micrococcus	Micrococcaceae	Micrococcales	Actinomycetes	Actinomycetota	Bacteria
1804990	Microcella flavibacter	Microcella	Microbacteriaceae	Micrococcales	Actinomycetes	Actinomycetota	Bacteria
2684405	Corynebacterium poyangense	Corynebacterium	Corynebacteriaceae	Mycobacteriales	Actinomycetes	Actinomycetota	Bacteria
1282737	Flaviflexus salsibiostraticola	Flaviflexus	Actinomycetaceae	Actinomycetales	Actinomycetes	Actinomycetota	Bacteria
2709394	Corynebacterium lizhenjunii	Corynebacterium	Corynebacteriaceae	Mycobacteriales	Actinomycetes	Actinomycetota	Bacteria
1437874	Corynebacterium sphenisci DSM 44792	Corynebacterium	Corynebacteriaceae	Mycobacteriales	Actinomycetes	Actinomycetota	Bacteria
2750620	Microcella indica	Microcella	Microbacteriaceae	Micrococcales	Actinomycetes	Actinomycetota	Bacteria
3049799	Corynebacterium breve	Corynebacterium	Corynebacteriaceae	Mycobacteriales	Actinomycetes	Actinomycetota	Bacteria
156978	Corynebacterium imitans	Corynebacterium	Corynebacteriaceae	Mycobacteriales	Actinomycetes	Actinomycetota	Bacteria
675090	Actinomyces weissii	Actinomyces	Actinomycetaceae	Actinomycetales	Actinomycetes	Actinomycetota	Bacteria
2592654	Protaetiibacter larvae	Protaetiibacter	Microbacteriaceae	Micrococcales	Actinomycetes	Actinomycetota	Bacteria
2810535	Microbacterium neungamense	Microbacterium	Microbacteriaceae	Micrococcales	Actinomycetes	Actinomycetota	Bacteria
2883169	Corynebacterium uberis	Corynebacterium	Corynebacteriaceae	Mycobacteriales	Actinomycetes	Actinomycetota	Bacteria
2763540	Actinomyces trachealis	Actinomyces	Actinomycetaceae	Actinomycetales	Actinomycetes	Actinomycetota	Bacteria
2080740	Corynebacterium yudongzhengii	Corynebacterium	Corynebacteriaceae	Mycobacteriales	Actinomycetes	Actinomycetota	Bacteria
2675216	Corynebacterium kalinowskii	Corynebacterium	Corynebacteriaceae	Mycobacteriales	Actinomycetes	Actinomycetota	Bacteria
3016342	Cutibacterium equinum	Cutibacterium	Propionibacteriaceae	Propionibacteriales	Actinomycetes	Actinomycetota	Bacteria
71254	Corynebacterium confusum	Corynebacterium	Corynebacteriaceae	Mycobacteriales	Actinomycetes	Actinomycetota	Bacteria
2488819	Corynebacterium endometrii	Corynebacterium	Corynebacteriaceae	Mycobacteriales	Actinomycetes	Actinomycetota	Bacteria
44750	Corynebacterium auris	Corynebacterium	Corynebacteriaceae	Mycobacteriales	Actinomycetes	Actinomycetota	Bacteria
2737173	Actinomyces marmotae	Actinomyces	Actinomycetaceae	Actinomycetales	Actinomycetes	Actinomycetota	Bacteria
1072256	Corynebacterium uterequi	Corynebacterium	Corynebacteriaceae	Mycobacteriales	Actinomycetes	Actinomycetota	Bacteria
683042	Leucobacter denitrificans	Leucobacter	Microbacteriaceae	Micrococcales	Actinomycetes	Actinomycetota	Bacteria
1630135	Dermabacter vaginalis	Dermabacter	Dermabacteraceae	Micrococcales	Actinomycetes	Actinomycetota	Bacteria
1852390	Corynebacterium fournieri	Corynebacterium	Corynebacteriaceae	Mycobacteriales	Actinomycetes	Actinomycetota	Bacteria
1471400	Corynebacterium pelargi	Corynebacterium	Corynebacteriaceae	Mycobacteriales	Actinomycetes	Actinomycetota	Bacteria
2594913	Corynebacterium sanguinis	Corynebacterium	Corynebacteriaceae	Mycobacteriales	Actinomycetes	Actinomycetota	Bacteria
2079535	Corynebacterium liangguodongii	Corynebacterium	Corynebacteriaceae	Mycobacteriales	Actinomycetes	Actinomycetota	Bacteria
35755	Corynebacterium kutscheri	Corynebacterium	Corynebacteriaceae	Mycobacteriales	Actinomycetes	Actinomycetota	Bacteria
2080757	Corynebacterium pseudopelargi	Corynebacterium	Corynebacteriaceae	Mycobacteriales	Actinomycetes	Actinomycetota	Bacteria
2758573	Flaviflexus equikiangi	Flaviflexus	Actinomycetaceae	Actinomycetales	Actinomycetes	Actinomycetota	Bacteria
2763010	Corynebacterium lujinxingii	Corynebacterium	Corynebacteriaceae	Mycobacteriales	Actinomycetes	Actinomycetota	Bacteria
191610	Corynebacterium atypicum	Corynebacterium	Corynebacteriaceae	Mycobacteriales	Actinomycetes	Actinomycetota	Bacteria
401472	Corynebacterium ureicelerivorans	Corynebacterium	Corynebacteriaceae	Mycobacteriales	Actinomycetes	Actinomycetota	Bacteria
2079234	Corynebacterium gerontici	Corynebacterium	Corynebacteriaceae	Mycobacteriales	Actinomycetes	Actinomycetota	Bacteria
2811781	Varibaculum prostatecancerukia	Varibaculum	Actinomycetaceae	Actinomycetales	Actinomycetes	Actinomycetota	Bacteria
2684406	Corynebacterium anserum	Corynebacterium	Corynebacteriaceae	Mycobacteriales	Actinomycetes	Actinomycetota	Bacteria
1912795	Boudabousia tangfeifanii	Boudabousia	Actinomycetaceae	Actinomycetales	Actinomycetes	Actinomycetota	Bacteria
2768834	Corynebacterium zhongnanshanii	Corynebacterium	Corynebacteriaceae	Mycobacteriales	Actinomycetes	Actinomycetota	Bacteria
2709392	Corynebacterium qintianiae	Corynebacterium	Corynebacteriaceae	Mycobacteriales	Actinomycetes	Actinomycetota	Bacteria
1805478	Olsenella timonensis	Olsenella	Atopobiaceae	Coriobacteriales	Coriobacteriia	Actinomycetota	Bacteria
2779519	Thermophilibacter immobilis	Thermophilibacter	Atopobiaceae	Coriobacteriales	Coriobacteriia	Actinomycetota	Bacteria
312285	Trueperella bialowiezensis	Trueperella	Actinomycetaceae	Actinomycetales	Actinomycetes	Actinomycetota	Bacteria
52773	Schaalia meyeri	Schaalia	Actinomycetaceae	Actinomycetales	Actinomycetes	Actinomycetota	Bacteria
1871034	Vaginimicrobium propionicum	Vaginimicrobium	Propionibacteriaceae	Propionibacteriales	Actinomycetes	Actinomycetota	Bacteria
2894156	Leptogranulimonas caecicola	Leptogranulimonas	Kribbibacteriaceae	Coriobacteriales	Coriobacteriia	Actinomycetota	Bacteria
1302235	Arcanobacterium phocisimile	Arcanobacterium	Actinomycetaceae	Actinomycetales	Actinomycetes	Actinomycetota	Bacteria
1531429	Berryella intestinalis	Berryella	Eggerthellaceae	Eggerthellales	Coriobacteriia	Actinomycetota	Bacteria
1503041	Arcanobacterium pinnipediorum	Arcanobacterium	Actinomycetaceae	Actinomycetales	Actinomycetes	Actinomycetota	Bacteria
2722751	Arcanobacterium buesumense	Arcanobacterium	Actinomycetaceae	Actinomycetales	Actinomycetes	Actinomycetota	Bacteria
2932182	Bombiscardovia apis	Bombiscardovia	Bifidobacteriaceae	Bifidobacteriales	Actinomycetes	Actinomycetota	Bacteria
1852377	Actinomyces pacaensis	Actinomyces	Actinomycetaceae	Actinomycetales	Actinomycetes	Actinomycetota	Bacteria
999183	Arcanobacterium canis	Arcanobacterium	Actinomycetaceae	Actinomycetales	Actinomycetes	Actinomycetota	Bacteria
1528099	Lawsonella clevelandensis	Lawsonella	Lawsonellaceae	Mycobacteriales	Actinomycetes	Actinomycetota	Bacteria
2003188	Parolsenella catena	Parolsenella	Atopobiaceae	Coriobacteriales	Coriobacteriia	Actinomycetota	Bacteria
1159327	Pontimonas salivibrio	Pontimonas	Microbacteriaceae	Micrococcales	Actinomycetes	Actinomycetota	Bacteria
1944646	Phoenicibacter congonensis	Phoenicibacter	Eggerthellaceae	Eggerthellales	Coriobacteriia	Actinomycetota	Bacteria
2499157	Aquiluna borgnonia	Aquiluna	Microbacteriaceae	Micrococcales	Actinomycetes	Actinomycetota	Bacteria
199592	Microbacterium paraoxydans	Microbacterium	Microbacteriaceae	Micrococcales	Actinomycetes	Actinomycetota	Bacteria
113562	Actinoplanes derwentensis	Actinoplanes	Micromonosporaceae	Micromonosporales	Actinomycetes	Actinomycetota	Bacteria
419479	Jiangella alkaliphila	Jiangella	Jiangellaceae	Jiangellales	Actinomycetes	Actinomycetota	Bacteria
291594	Micromonospora rifamycinica	Micromonospora	Micromonosporaceae	Micromonosporales	Actinomycetes	Actinomycetota	Bacteria
47858	Micromonospora echinofusca	Micromonospora	Micromonosporaceae	Micromonosporales	Actinomycetes	Actinomycetota	Bacteria
412690	Microterricola viridarii	Microterricola	Microbacteriaceae	Micrococcales	Actinomycetes	Actinomycetota	Bacteria
1775880	Glutamicibacter mishrai	Glutamicibacter	Micrococcaceae	Micrococcales	Actinomycetes	Actinomycetota	Bacteria
743009	Microbacterium oryzae	Microbacterium	Microbacteriaceae	Micrococcales	Actinomycetes	Actinomycetota	Bacteria
388357	Kocuria turfanensis	Kocuria	Micrococcaceae	Micrococcales	Actinomycetes	Actinomycetota	Bacteria
38302	Corynebacterium mycetoides	Corynebacterium	Corynebacteriaceae	Mycobacteriales	Actinomycetes	Actinomycetota	Bacteria
131112	Arcanobacterium phocae	Arcanobacterium	Actinomycetaceae	Actinomycetales	Actinomycetes	Actinomycetota	Bacteria
370526	Mycolicibacterium rutilum	Mycolicibacterium	Mycobacteriaceae	Mycobacteriales	Actinomycetes	Actinomycetota	Bacteria
762210	Bifidobacterium saguini	Bifidobacterium	Bifidobacteriaceae	Bifidobacteriales	Actinomycetes	Actinomycetota	Bacteria
261654	Micromonospora auratinigra	Micromonospora	Micromonosporaceae	Micromonosporales	Actinomycetes	Actinomycetota	Bacteria
47872	Micromonospora purpureochromogenes	Micromonospora	Micromonosporaceae	Micromonosporales	Actinomycetes	Actinomycetota	Bacteria
589382	Agromyces flavus	Agromyces	Microbacteriaceae	Micrococcales	Actinomycetes	Actinomycetota	Bacteria
1736691	Aeromicrobium choanae	Aeromicrobium	Nocardioidaceae	Propionibacteriales	Actinomycetes	Actinomycetota	Bacteria
545619	Paraoerskovia marina	Paraoerskovia	Cellulomonadaceae	Micrococcales	Actinomycetes	Actinomycetota	Bacteria
699041	Corynebacterium hindlerae	Corynebacterium	Corynebacteriaceae	Mycobacteriales	Actinomycetes	Actinomycetota	Bacteria
604330	Parafannyhessea umbonata	Parafannyhessea	Atopobiaceae	Coriobacteriales	Coriobacteriia	Actinomycetota	Bacteria
2734634	Berryella wangjianweii	Berryella	Eggerthellaceae	Eggerthellales	Coriobacteriia	Actinomycetota	Bacteria
436397	Streptomyces sudanensis	Streptomyces	Streptomycetaceae	Kitasatosporales	Actinomycetes	Actinomycetota	Bacteria
178339	Pauljensenia hongkongensis	Pauljensenia	Actinomycetaceae	Actinomycetales	Actinomycetes	Actinomycetota	Bacteria
1214101	Streptomyces davaonensis JCM 4913	Streptomyces	Streptomycetaceae	Kitasatosporales	Actinomycetes	Actinomycetota	Bacteria
211114	Allokutzneria albata	Allokutzneria	Pseudonocardiaceae	Pseudonocardiales	Actinomycetes	Actinomycetota	Bacteria
2382165	Nocardia yunnanensis	Nocardia	Nocardiaceae	Mycobacteriales	Actinomycetes	Actinomycetota	Bacteria
47857	Micromonospora echinaurantiaca	Micromonospora	Micromonosporaceae	Micromonosporales	Actinomycetes	Actinomycetota	Bacteria
307121	Micromonospora krabiensis	Micromonospora	Micromonosporaceae	Micromonosporales	Actinomycetes	Actinomycetota	Bacteria
1881	Micromonospora viridifaciens	Micromonospora	Micromonosporaceae	Micromonosporales	Actinomycetes	Actinomycetota	Bacteria
285665	Micromonospora coriariae	Micromonospora	Micromonosporaceae	Micromonosporales	Actinomycetes	Actinomycetota	Bacteria
356851	Micromonospora chokoriensis	Micromonospora	Micromonosporaceae	Micromonosporales	Actinomycetes	Actinomycetota	Bacteria
356852	Micromonospora coxensis	Micromonospora	Micromonosporaceae	Micromonosporales	Actinomycetes	Actinomycetota	Bacteria
630515	Microlunatus soli	Microlunatus	Propionibacteriaceae	Propionibacteriales	Actinomycetes	Actinomycetota	Bacteria
47865	Micromonospora inositola	Micromonospora	Micromonosporaceae	Micromonosporales	Actinomycetes	Actinomycetota	Bacteria
299146	Micromonospora narathiwatensis	Micromonospora	Micromonosporaceae	Micromonosporales	Actinomycetes	Actinomycetota	Bacteria
117157	Actinopolymorpha singaporensis	Actinopolymorpha	Actinopolymorphaceae	Propionibacteriales	Actinomycetes	Actinomycetota	Bacteria
299152	Micromonospora siamensis	Micromonospora	Micromonosporaceae	Micromonosporales	Actinomycetes	Actinomycetota	Bacteria
2014920	Streptomyces capitiformicae	Streptomyces	Streptomycetaceae	Kitasatosporales	Actinomycetes	Actinomycetota	Bacteria
2908642	Solicola gregarius	Solicola	Nocardioidaceae	Propionibacteriales	Actinomycetes	Actinomycetota	Bacteria
546871	Friedmanniella luteola	Friedmanniella	Nocardioidaceae	Propionibacteriales	Actinomycetes	Actinomycetota	Bacteria
675864	Auraticoccus monumenti	Auraticoccus	Propionibacteriaceae	Propionibacteriales	Actinomycetes	Actinomycetota	Bacteria
728066	Pseudarthrobacter equi	Pseudarthrobacter	Micrococcaceae	Micrococcales	Actinomycetes	Actinomycetota	Bacteria
629680	Brevibacterium sandarakinum	Brevibacterium	Brevibacteriaceae	Micrococcales	Actinomycetes	Actinomycetota	Bacteria
546874	Microlunatus sagamiharensis	Microlunatus	Propionibacteriaceae	Propionibacteriales	Actinomycetes	Actinomycetota	Bacteria
642780	Nocardioides scoriae	Nocardioides	Nocardioidaceae	Propionibacteriales	Actinomycetes	Actinomycetota	Bacteria
1136497	Brevibacterium siliguriense	Brevibacterium	Brevibacteriaceae	Micrococcales	Actinomycetes	Actinomycetota	Bacteria
443156	Pedococcus dokdonensis	Pedococcus	Intrasporangiaceae	Micrococcales	Actinomycetes	Actinomycetota	Bacteria
2592652	Agromyces intestinalis	Agromyces	Microbacteriaceae	Micrococcales	Actinomycetes	Actinomycetota	Bacteria
370764	Microbacterium pygmaeum	Microbacterium	Microbacteriaceae	Micrococcales	Actinomycetes	Actinomycetota	Bacteria
399736	Agrococcus jejuensis	Agrococcus	Microbacteriaceae	Micrococcales	Actinomycetes	Actinomycetota	Bacteria
2321394	Actinomyces lilanjuaniae	Actinomyces	Actinomycetaceae	Actinomycetales	Actinomycetes	Actinomycetota	Bacteria
684552	Agrococcus carbonis	Agrococcus	Microbacteriaceae	Micrococcales	Actinomycetes	Actinomycetota	Bacteria
2020965	Bifidobacterium imperatoris	Bifidobacterium	Bifidobacteriaceae	Bifidobacteriales	Actinomycetes	Actinomycetota	Bacteria
2754725	Corynebacterium incognita	Corynebacterium	Corynebacteriaceae	Mycobacteriales	Actinomycetes	Actinomycetota	Bacteria
2851642	Microbacterium aurugineum	Microbacterium	Microbacteriaceae	Micrococcales	Actinomycetes	Actinomycetota	Bacteria
83291	Streptomyces armeniacus	Streptomyces	Streptomycetaceae	Kitasatosporales	Actinomycetes	Actinomycetota	Bacteria
2792978	Gardnerella leopoldii	Gardnerella	Bifidobacteriaceae	Bifidobacteriales	Actinomycetes	Actinomycetota	Bacteria
1871022	Parolsenella massiliensis	Parolsenella	Atopobiaceae	Coriobacteriales	Coriobacteriia	Actinomycetota	Bacteria
3068634	Agrococcus beijingensis	Agrococcus	Microbacteriaceae	Micrococcales	Actinomycetes	Actinomycetota	Bacteria
2487344	Mycolicibacterium nivoides	Mycolicibacterium	Mycobacteriaceae	Mycobacteriales	Actinomycetes	Actinomycetota	Bacteria
675635	Pseudonocardia dioxanivorans CB1190	Pseudonocardia	Pseudonocardiaceae	Pseudonocardiales	Actinomycetes	Actinomycetota	Bacteria
882081	Saccharomonospora azurea NA-128	Saccharomonospora	Pseudonocardiaceae	Pseudonocardiales	Actinomycetes	Actinomycetota	Bacteria
882082	Saccharomonospora cyanea NA-134	Saccharomonospora	Pseudonocardiaceae	Pseudonocardiales	Actinomycetes	Actinomycetota	Bacteria
882083	Saccharomonospora marina XMU15	Saccharomonospora	Pseudonocardiaceae	Pseudonocardiales	Actinomycetes	Actinomycetota	Bacteria
585529	Corynebacterium genitalium ATCC 33030	Corynebacterium	Corynebacteriaceae	Mycobacteriales	Actinomycetes	Actinomycetota	Bacteria
928724	Saccharomonospora glauca K62	Saccharomonospora	Pseudonocardiaceae	Pseudonocardiales	Actinomycetes	Actinomycetota	Bacteria
585531	Aeromicrobium marinum DSM 15272	Aeromicrobium	Nocardioidaceae	Propionibacteriales	Actinomycetes	Actinomycetota	Bacteria
2775496	Mycobacterium senriense	Mycobacterium	Mycobacteriaceae	Mycobacteriales	Actinomycetes	Actinomycetota	Bacteria
